orderNumber,productCode,quantityOrdered,priceEach,orderLineNumber,
10100,S18_1749,30, 136 ,3,
10100,S18_2248,50, 55 ,2,
10100,S18_4409,22, 75 ,4,
10100,S24_3969,49, 35 ,1,
10101,S18_2325,25, 108 ,4,
10101,S18_2795,26, 167 ,1,
10101,S24_1937,45, 33 ,3,
10101,S24_2022,46, 44 ,2,
10102,S18_1342,39, 96 ,2,
10102,S18_1367,41, 43 ,1,
10103,S10_1949,26, 214 ,11,
10103,S10_4962,42, 120 ,4,
10103,S12_1666,27, 122 ,8,
10103,S18_1097,35, 95 ,10,
10103,S18_2432,22, 58 ,2,
10103,S18_2949,27, 92 ,12,
10103,S18_2957,35, 62 ,14,
10103,S18_3136,25, 87 ,13,
10103,S18_3320,46, 86 ,16,
10103,S18_4600,36, 98 ,5,
10103,S18_4668,41, 41 ,9,
10103,S24_2300,36, 107 ,1,
10103,S24_4258,25, 89 ,15,
10103,S32_1268,31, 92 ,3,
10103,S32_3522,45, 63 ,7,
10103,S700_2824,42, 94 ,6,
10104,S12_3148,34, 131 ,1,
10104,S12_4473,41, 111 ,9,
10104,S18_2238,24, 136 ,8,
10104,S18_2319,29, 123 ,12,
10104,S18_3232,23, 166 ,13,
10104,S18_4027,38, 119 ,3,
10104,S24_1444,35, 52 ,6,
10104,S24_2840,44, 30 ,10,
10104,S24_4048,26, 106 ,5,
10104,S32_2509,35, 52 ,11,
10104,S32_3207,49, 57 ,4,
10104,S50_1392,33, 115 ,7,
10104,S50_1514,32, 53 ,2,
10105,S10_4757,50, 128 ,2,
10105,S12_1108,41, 206 ,15,
10105,S12_3891,29, 142 ,14,
10105,S18_3140,22, 137 ,11,
10105,S18_3259,38, 88 ,13,
10105,S18_4522,41, 75 ,10,
10105,S24_2011,43, 118 ,9,
10105,S24_3151,44, 73 ,4,
10105,S24_3816,50, 75 ,1,
10105,S700_1138,41, 54 ,5,
10105,S700_1938,29, 87 ,12,
10105,S700_2610,31, 61 ,3,
10105,S700_3505,39, 92 ,6,
10105,S700_3962,22, 99 ,7,
10105,S72_3212,25, 45 ,8,
10106,S18_1662,36, 134 ,12,
10106,S18_2581,34, 81 ,2,
10106,S18_3029,41, 81 ,18,
10106,S18_3856,41, 94 ,17,
10106,S24_1785,28, 107 ,4,
10106,S24_2841,49, 66 ,13,
10106,S24_3420,31, 56 ,14,
10106,S24_3949,50, 56 ,11,
10106,S24_4278,26, 71 ,3,
10106,S32_4289,33, 65 ,5,
10106,S50_1341,39, 36 ,6,
10106,S700_1691,31, 91 ,7,
10106,S700_2047,30, 85 ,16,
10106,S700_2466,34, 100 ,9,
10106,S700_2834,32, 114 ,1,
10106,S700_3167,44, 76 ,8,
10106,S700_4002,48, 70 ,10,
10106,S72_1253,48, 44 ,15,
10107,S10_1678,30, 81 ,2,
10107,S10_2016,39, 106 ,5,
10107,S10_4698,27, 172 ,4,
10107,S12_2823,21, 122 ,1,
10107,S18_2625,29, 53 ,6,
10107,S24_1578,25, 97 ,3,
10107,S24_2000,38, 73 ,7,
10107,S32_1374,20, 89 ,8,
10108,S12_1099,33, 165 ,6,
10108,S12_3380,45, 96 ,4,
10108,S12_3990,39, 76 ,7,
10108,S12_4675,36, 107 ,3,
10108,S18_1889,38, 68 ,2,
10108,S18_3278,26, 73 ,9,
10108,S18_3482,29, 132 ,8,
10108,S18_3782,43, 53 ,12,
10108,S18_4721,44, 140 ,11,
10108,S24_2360,35, 64 ,15,
10108,S24_3371,30, 60 ,5,
10108,S24_3856,40, 132 ,1,
10108,S24_4620,31, 67 ,10,
10108,S32_2206,27, 36 ,13,
10108,S32_4485,31, 88 ,16,
10108,S50_4713,34, 75 ,14,
10109,S18_1129,26, 117 ,4,
10109,S18_1984,38, 138 ,3,
10109,S18_2870,26, 127 ,1,
10109,S18_3232,46, 161 ,5,
10109,S18_3685,47, 126 ,2,
10109,S24_2972,29, 32 ,6,
10110,S18_1589,37, 118 ,16,
10110,S18_1749,42, 153 ,7,
10110,S18_2248,32, 51 ,6,
10110,S18_2325,33, 116 ,4,
10110,S18_2795,31, 164 ,1,
10110,S18_4409,28, 82 ,8,
10110,S18_4933,42, 62 ,9,
10110,S24_1046,36, 72 ,13,
10110,S24_1628,29, 43 ,15,
10110,S24_1937,20, 29 ,3,
10110,S24_2022,39, 41 ,2,
10110,S24_2766,43, 83 ,11,
10110,S24_2887,46, 113 ,10,
10110,S24_3191,27, 80 ,12,
10110,S24_3432,37, 96 ,14,
10110,S24_3969,48, 35 ,5,
10111,S18_1342,33, 87 ,6,
10111,S18_1367,48, 49 ,5,
10111,S18_2957,28, 53 ,2,
10111,S18_3136,43, 94 ,1,
10111,S18_3320,39, 91 ,4,
10111,S24_4258,26, 86 ,3,
10112,S10_1949,29, 197 ,1,
10112,S18_2949,23, 85 ,2,
10113,S12_1666,21, 122 ,2,
10113,S18_1097,49, 102 ,4,
10113,S18_4668,50, 43 ,3,
10113,S32_3522,23, 59 ,1,
10114,S10_4962,31, 129 ,8,
10114,S18_2319,39, 107 ,3,
10114,S18_2432,45, 53 ,6,
10114,S18_3232,48, 169 ,4,
10114,S18_4600,41, 105 ,9,
10114,S24_2300,21, 102 ,5,
10114,S24_2840,24, 29 ,1,
10114,S32_1268,32, 89 ,7,
10114,S32_2509,28, 44 ,2,
10114,S700_2824,42, 83 ,10,
10115,S12_4473,46, 111 ,5,
10115,S18_2238,46, 141 ,4,
10115,S24_1444,47, 57 ,2,
10115,S24_4048,44, 106 ,1,
10115,S50_1392,27, 101 ,3,
10116,S32_3207,27, 60 ,1,
10117,S12_1108,33, 195 ,9,
10117,S12_3148,43, 148 ,10,
10117,S12_3891,39, 173 ,8,
10117,S18_3140,26, 122 ,5,
10117,S18_3259,21, 82 ,7,
10117,S18_4027,22, 122 ,12,
10117,S18_4522,23, 74 ,4,
10117,S24_2011,41, 119 ,3,
10117,S50_1514,21, 56 ,11,
10117,S700_1938,38, 75 ,6,
10117,S700_3962,45, 89 ,1,
10117,S72_3212,50, 52 ,2,
10118,S700_3505,36, 86 ,1,
10119,S10_4757,46, 113 ,11,
10119,S18_1662,43, 151 ,3,
10119,S18_3029,21, 75 ,9,
10119,S18_3856,27, 95 ,8,
10119,S24_2841,41, 64 ,4,
10119,S24_3151,35, 73 ,13,
10119,S24_3420,20, 63 ,5,
10119,S24_3816,35, 82 ,10,
10119,S24_3949,28, 62 ,2,
10119,S700_1138,25, 57 ,14,
10119,S700_2047,29, 74 ,7,
10119,S700_2610,38, 67 ,12,
10119,S700_4002,26, 64 ,1,
10119,S72_1253,28, 40 ,6,
10120,S10_2016,29, 119 ,3,
10120,S10_4698,46, 159 ,2,
10120,S18_2581,29, 83 ,8,
10120,S18_2625,46, 58 ,4,
10120,S24_1578,35, 110 ,1,
10120,S24_1785,39, 93 ,10,
10120,S24_2000,34, 72 ,5,
10120,S24_4278,29, 72 ,9,
10120,S32_1374,22, 95 ,6,
10120,S32_4289,29, 69 ,11,
10120,S50_1341,49, 41 ,12,
10120,S700_1691,47, 91 ,13,
10120,S700_2466,24, 82 ,15,
10120,S700_2834,24, 107 ,7,
10120,S700_3167,43, 72 ,14,
10121,S10_1678,34, 86 ,5,
10121,S12_2823,50, 127 ,4,
10121,S24_2360,32, 58 ,2,
10121,S32_4485,25, 96 ,3,
10121,S50_4713,44, 72 ,1,
10122,S12_1099,42, 156 ,10,
10122,S12_3380,37, 114 ,8,
10122,S12_3990,32, 65 ,11,
10122,S12_4675,20, 105 ,7,
10122,S18_1129,34, 115 ,2,
10122,S18_1889,43, 62 ,6,
10122,S18_1984,31, 114 ,1,
10122,S18_3232,25, 137 ,3,
10122,S18_3278,21, 69 ,13,
10122,S18_3482,21, 134 ,12,
10122,S18_3782,35, 59 ,16,
10122,S18_4721,28, 146 ,15,
10122,S24_2972,39, 35 ,4,
10122,S24_3371,34, 51 ,9,
10122,S24_3856,43, 136 ,5,
10122,S24_4620,29, 67 ,14,
10122,S32_2206,31, 34 ,17,
10123,S18_1589,26, 121 ,2,
10123,S18_2870,46, 115 ,3,
10123,S18_3685,34, 117 ,4,
10123,S24_1628,50, 43 ,1,
10124,S18_1749,21, 153 ,6,
10124,S18_2248,42, 58 ,5,
10124,S18_2325,42, 112 ,3,
10124,S18_4409,36, 75 ,7,
10124,S18_4933,23, 66 ,8,
10124,S24_1046,22, 62 ,12,
10124,S24_1937,45, 31 ,2,
10124,S24_2022,22, 36 ,1,
10124,S24_2766,32, 75 ,10,
10124,S24_2887,25, 94 ,9,
10124,S24_3191,49, 76 ,11,
10124,S24_3432,43, 102 ,13,
10124,S24_3969,46, 36 ,4,
10125,S18_1342,32, 89 ,1,
10125,S18_2795,34, 138 ,2,
10126,S10_1949,38, 206 ,11,
10126,S10_4962,22, 123 ,4,
10126,S12_1666,21, 135 ,8,
10126,S18_1097,38, 117 ,10,
10126,S18_1367,42, 51 ,17,
10126,S18_2432,43, 51 ,2,
10126,S18_2949,31, 93 ,12,
10126,S18_2957,46, 62 ,14,
10126,S18_3136,30, 93 ,13,
10126,S18_3320,38, 94 ,16,
10126,S18_4600,50, 103 ,5,
10126,S18_4668,43, 47 ,9,
10126,S24_2300,27, 123 ,1,
10126,S24_4258,34, 84 ,15,
10126,S32_1268,43, 83 ,3,
10126,S32_3522,26, 62 ,7,
10126,S700_2824,45, 97 ,6,
10127,S12_1108,46, 193 ,2,
10127,S12_3148,46, 141 ,3,
10127,S12_3891,42, 170 ,1,
10127,S12_4473,24, 101 ,11,
10127,S18_2238,45, 141 ,10,
10127,S18_2319,45, 114 ,14,
10127,S18_3232,22, 149 ,15,
10127,S18_4027,25, 126 ,5,
10127,S24_1444,20, 51 ,8,
10127,S24_2840,39, 34 ,12,
10127,S24_4048,20, 108 ,7,
10127,S32_2509,45, 47 ,13,
10127,S32_3207,29, 61 ,6,
10127,S50_1392,46, 111 ,9,
10127,S50_1514,46, 56 ,4,
10128,S18_3140,41, 120 ,2,
10128,S18_3259,41, 81 ,4,
10128,S18_4522,43, 77 ,1,
10128,S700_1938,32, 73 ,3,
10129,S10_4757,33, 124 ,2,
10129,S24_2011,45, 113 ,9,
10129,S24_3151,41, 81 ,4,
10129,S24_3816,50, 76 ,1,
10129,S700_1138,31, 59 ,5,
10129,S700_2610,45, 72 ,3,
10129,S700_3505,42, 90 ,6,
10129,S700_3962,30, 94 ,7,
10129,S72_3212,32, 44 ,8,
10130,S18_3029,40, 69 ,2,
10130,S18_3856,33, 100 ,1,
10131,S18_1662,21, 142 ,4,
10131,S24_2841,35, 61 ,5,
10131,S24_3420,29, 53 ,6,
10131,S24_3949,50, 55 ,3,
10131,S700_2047,22, 77 ,8,
10131,S700_2466,40, 87 ,1,
10131,S700_4002,26, 64 ,2,
10131,S72_1253,21, 40 ,7,
10132,S700_3167,36, 80 ,1,
10133,S18_2581,49, 80 ,3,
10133,S24_1785,41, 109 ,5,
10133,S24_4278,46, 62 ,4,
10133,S32_1374,23, 81 ,1,
10133,S32_4289,49, 67 ,6,
10133,S50_1341,27, 37 ,7,
10133,S700_1691,24, 77 ,8,
10133,S700_2834,27, 115 ,2,
10134,S10_1678,41, 91 ,2,
10134,S10_2016,27, 117 ,5,
10134,S10_4698,31, 188 ,4,
10134,S12_2823,20, 131 ,1,
10134,S18_2625,30, 51 ,6,
10134,S24_1578,35, 95 ,3,
10134,S24_2000,43, 75 ,7,
10135,S12_1099,42, 173 ,7,
10135,S12_3380,48, 110 ,5,
10135,S12_3990,24, 73 ,8,
10135,S12_4675,29, 104 ,4,
10135,S18_1889,48, 67 ,3,
10135,S18_3278,45, 66 ,10,
10135,S18_3482,42, 140 ,9,
10135,S18_3782,45, 50 ,13,
10135,S18_4721,31, 134 ,12,
10135,S24_2360,29, 67 ,16,
10135,S24_2972,20, 34 ,1,
10135,S24_3371,27, 52 ,6,
10135,S24_3856,47, 139 ,2,
10135,S24_4620,23, 77 ,11,
10135,S32_2206,33, 39 ,14,
10135,S32_4485,30, 92 ,17,
10135,S50_4713,44, 79 ,15,
10136,S18_1129,25, 117 ,2,
10136,S18_1984,36, 121 ,1,
10136,S18_3232,41, 169 ,3,
10137,S18_1589,44, 116 ,2,
10137,S18_2870,37, 111 ,3,
10137,S18_3685,31, 119 ,4,
10137,S24_1628,26, 40 ,1,
10138,S18_1749,33, 150 ,6,
10138,S18_2248,22, 51 ,5,
10138,S18_2325,38, 114 ,3,
10138,S18_4409,47, 79 ,7,
10138,S18_4933,23, 65 ,8,
10138,S24_1046,45, 60 ,12,
10138,S24_1937,22, 33 ,2,
10138,S24_2022,33, 39 ,1,
10138,S24_2766,28, 74 ,10,
10138,S24_2887,30, 96 ,9,
10138,S24_3191,49, 77 ,11,
10138,S24_3432,21, 100 ,13,
10138,S24_3969,29, 33 ,4,
10139,S18_1342,31, 89 ,7,
10139,S18_1367,49, 53 ,6,
10139,S18_2795,41, 152 ,8,
10139,S18_2949,46, 91 ,1,
10139,S18_2957,20, 52 ,3,
10139,S18_3136,20, 102 ,2,
10139,S18_3320,30, 81 ,5,
10139,S24_4258,29, 93 ,4,
10140,S10_1949,37, 186 ,11,
10140,S10_4962,26, 131 ,4,
10140,S12_1666,38, 119 ,8,
10140,S18_1097,32, 96 ,10,
10140,S18_2432,46, 51 ,2,
10140,S18_4600,40, 101 ,5,
10140,S18_4668,29, 40 ,9,
10140,S24_2300,47, 119 ,1,
10140,S32_1268,26, 88 ,3,
10140,S32_3522,28, 62 ,7,
10140,S700_2824,36, 101 ,6,
10141,S12_4473,21, 115 ,5,
10141,S18_2238,39, 160 ,4,
10141,S18_2319,47, 103 ,8,
10141,S18_3232,34, 144 ,9,
10141,S24_1444,20, 51 ,2,
10141,S24_2840,21, 32 ,6,
10141,S24_4048,40, 104 ,1,
10141,S32_2509,24, 53 ,7,
10141,S50_1392,44, 95 ,3,
10142,S12_1108,33, 166 ,12,
10142,S12_3148,33, 141 ,13,
10142,S12_3891,46, 168 ,11,
10142,S18_3140,47, 130 ,8,
10142,S18_3259,22, 96 ,10,
10142,S18_4027,24, 122 ,15,
10142,S18_4522,24, 80 ,7,
10142,S24_2011,33, 114 ,6,
10142,S24_3151,49, 74 ,1,
10142,S32_3207,42, 61 ,16,
10142,S50_1514,42, 56 ,14,
10142,S700_1138,41, 55 ,2,
10142,S700_1938,43, 77 ,9,
10142,S700_3505,21, 92 ,3,
10142,S700_3962,38, 91 ,4,
10142,S72_3212,39, 47 ,5,
10143,S10_4757,49, 133 ,15,
10143,S18_1662,32, 126 ,7,
10143,S18_3029,46, 71 ,13,
10143,S18_3856,34, 100 ,12,
10143,S24_2841,27, 64 ,8,
10143,S24_3420,33, 60 ,9,
10143,S24_3816,23, 75 ,14,
10143,S24_3949,28, 56 ,6,
10143,S50_1341,34, 35 ,1,
10143,S700_1691,36, 87 ,2,
10143,S700_2047,26, 88 ,11,
10143,S700_2466,26, 80 ,4,
10143,S700_2610,31, 69 ,16,
10143,S700_3167,28, 70 ,3,
10143,S700_4002,34, 65 ,5,
10143,S72_1253,37, 50 ,10,
10144,S32_4289,20, 56 ,1,
10145,S10_1678,45, 77 ,6,
10145,S10_2016,37, 105 ,9,
10145,S10_4698,33, 155 ,8,
10145,S12_2823,49, 146 ,5,
10145,S18_2581,30, 72 ,14,
10145,S18_2625,30, 53 ,10,
10145,S24_1578,43, 104 ,7,
10145,S24_1785,40, 88 ,16,
10145,S24_2000,47, 64 ,11,
10145,S24_2360,27, 56 ,3,
10145,S24_4278,33, 72 ,15,
10145,S32_1374,33, 100 ,12,
10145,S32_2206,31, 39 ,1,
10145,S32_4485,27, 96 ,4,
10145,S50_4713,38, 73 ,2,
10145,S700_2834,20, 114 ,13,
10146,S18_3782,47, 60 ,2,
10146,S18_4721,29, 131 ,1,
10147,S12_1099,48, 161 ,7,
10147,S12_3380,31, 110 ,5,
10147,S12_3990,21, 74 ,8,
10147,S12_4675,33, 98 ,4,
10147,S18_1889,26, 71 ,3,
10147,S18_3278,36, 75 ,10,
10147,S18_3482,37, 129 ,9,
10147,S24_2972,25, 33 ,1,
10147,S24_3371,30, 49 ,6,
10147,S24_3856,23, 124 ,2,
10147,S24_4620,31, 73 ,11,
10148,S18_1129,23, 115 ,13,
10148,S18_1589,47, 108 ,9,
10148,S18_1984,25, 137 ,12,
10148,S18_2870,27, 114 ,10,
10148,S18_3232,32, 144 ,14,
10148,S18_3685,28, 136 ,11,
10148,S18_4409,34, 84 ,1,
10148,S18_4933,29, 66 ,2,
10148,S24_1046,25, 65 ,6,
10148,S24_1628,47, 46 ,8,
10148,S24_2766,21, 77 ,4,
10148,S24_2887,34, 115 ,3,
10148,S24_3191,31, 72 ,5,
10148,S24_3432,27, 96 ,7,
10149,S18_1342,50, 87 ,4,
10149,S18_1367,30, 49 ,3,
10149,S18_1749,34, 156 ,11,
10149,S18_2248,24, 51 ,10,
10149,S18_2325,33, 126 ,8,
10149,S18_2795,23, 167 ,5,
10149,S18_3320,42, 89 ,2,
10149,S24_1937,36, 31 ,7,
10149,S24_2022,49, 40 ,6,
10149,S24_3969,26, 39 ,9,
10149,S24_4258,20, 91 ,1,
10150,S10_1949,45, 182 ,8,
10150,S10_4962,20, 121 ,1,
10150,S12_1666,30, 135 ,5,
10150,S18_1097,34, 96 ,7,
10150,S18_2949,47, 93 ,9,
10150,S18_2957,30, 56 ,11,
10150,S18_3136,26, 97 ,10,
10150,S18_4600,49, 111 ,2,
10150,S18_4668,30, 47 ,6,
10150,S32_3522,49, 62 ,4,
10150,S700_2824,20, 95 ,3,
10151,S12_4473,24, 115 ,3,
10151,S18_2238,43, 152 ,2,
10151,S18_2319,49, 107 ,6,
10151,S18_2432,39, 58 ,9,
10151,S18_3232,21, 168 ,7,
10151,S24_2300,42, 110 ,8,
10151,S24_2840,30, 29 ,4,
10151,S32_1268,27, 85 ,10,
10151,S32_2509,41, 43 ,5,
10151,S50_1392,26, 109 ,1,
10152,S18_4027,35, 118 ,1,
10152,S24_1444,25, 49 ,4,
10152,S24_4048,23, 112 ,3,
10152,S32_3207,33, 57 ,2,
10153,S12_1108,20, 202 ,11,
10153,S12_3148,42, 128 ,12,
10153,S12_3891,49, 156 ,10,
10153,S18_3140,31, 126 ,7,
10153,S18_3259,29, 83 ,9,
10153,S18_4522,22, 83 ,6,
10153,S24_2011,40, 112 ,5,
10153,S50_1514,31, 53 ,13,
10153,S700_1138,43, 58 ,1,
10153,S700_1938,31, 81 ,8,
10153,S700_3505,50, 87 ,2,
10153,S700_3962,20, 85 ,3,
10153,S72_3212,50, 52 ,4,
10154,S24_3151,31, 75 ,2,
10154,S700_2610,36, 59 ,1,
10155,S10_4757,32, 129 ,13,
10155,S18_1662,38, 139 ,5,
10155,S18_3029,44, 83 ,11,
10155,S18_3856,29, 106 ,10,
10155,S24_2841,23, 62 ,6,
10155,S24_3420,34, 57 ,7,
10155,S24_3816,37, 76 ,12,
10155,S24_3949,44, 59 ,4,
10155,S700_2047,32, 90 ,9,
10155,S700_2466,20, 88 ,2,
10155,S700_3167,43, 77 ,1,
10155,S700_4002,44, 70 ,3,
10155,S72_1253,34, 49 ,8,
10156,S50_1341,20, 44 ,1,
10156,S700_1691,48, 78 ,2,
10157,S18_2581,33, 69 ,3,
10157,S24_1785,40, 90 ,5,
10157,S24_4278,33, 67 ,4,
10157,S32_1374,34, 84 ,1,
10157,S32_4289,28, 56 ,6,
10157,S700_2834,48, 109 ,2,
10158,S24_2000,22, 68 ,1,
10159,S10_1678,49, 81 ,14,
10159,S10_2016,37, 101 ,17,
10159,S10_4698,22, 170 ,16,
10159,S12_1099,41, 189 ,2,
10159,S12_2823,38, 131 ,13,
10159,S12_3990,24, 67 ,3,
10159,S18_2625,42, 51 ,18,
10159,S18_3278,21, 67 ,5,
10159,S18_3482,25, 129 ,4,
10159,S18_3782,21, 55 ,8,
10159,S18_4721,32, 143 ,7,
10159,S24_1578,44, 100 ,15,
10159,S24_2360,27, 67 ,11,
10159,S24_3371,50, 50 ,1,
10159,S24_4620,23, 81 ,6,
10159,S32_2206,35, 39 ,9,
10159,S32_4485,23, 87 ,12,
10159,S50_4713,31, 78 ,10,
10160,S12_3380,46, 96 ,6,
10160,S12_4675,50, 93 ,5,
10160,S18_1889,38, 71 ,4,
10160,S18_3232,20, 141 ,1,
10160,S24_2972,42, 31 ,2,
10160,S24_3856,35, 131 ,3,
10161,S18_1129,28, 122 ,12,
10161,S18_1589,43, 102 ,8,
10161,S18_1984,48, 139 ,11,
10161,S18_2870,23, 125 ,9,
10161,S18_3685,36, 133 ,10,
10161,S18_4933,25, 63 ,1,
10161,S24_1046,37, 73 ,5,
10161,S24_1628,23, 47 ,7,
10161,S24_2766,20, 83 ,3,
10161,S24_2887,25, 108 ,2,
10161,S24_3191,20, 73 ,4,
10161,S24_3432,30, 94 ,6,
10162,S18_1342,48, 87 ,2,
10162,S18_1367,45, 45 ,1,
10162,S18_1749,29, 141 ,9,
10162,S18_2248,27, 53 ,8,
10162,S18_2325,38, 113 ,6,
10162,S18_2795,48, 157 ,3,
10162,S18_4409,39, 87 ,10,
10162,S24_1937,37, 28 ,5,
10162,S24_2022,43, 39 ,4,
10162,S24_3969,37, 33 ,7,
10163,S10_1949,21, 212 ,1,
10163,S18_2949,31, 101 ,2,
10163,S18_2957,48, 60 ,4,
10163,S18_3136,40, 102 ,3,
10163,S18_3320,43, 80 ,6,
10163,S24_4258,42, 96 ,5,
10164,S10_4962,21, 143 ,2,
10164,S12_1666,49, 122 ,6,
10164,S18_1097,36, 104 ,8,
10164,S18_4600,45, 108 ,3,
10164,S18_4668,25, 46 ,7,
10164,S32_1268,24, 91 ,1,
10164,S32_3522,49, 58 ,5,
10164,S700_2824,39, 87 ,4,
10165,S12_1108,44, 168 ,3,
10165,S12_3148,34, 124 ,4,
10165,S12_3891,27, 152 ,2,
10165,S12_4473,48, 109 ,12,
10165,S18_2238,29, 134 ,11,
10165,S18_2319,46, 120 ,15,
10165,S18_2432,31, 61 ,18,
10165,S18_3232,47, 154 ,16,
10165,S18_3259,50, 85 ,1,
10165,S18_4027,28, 124 ,6,
10165,S24_1444,25, 47 ,9,
10165,S24_2300,32, 118 ,17,
10165,S24_2840,27, 31 ,13,
10165,S24_4048,24, 106 ,8,
10165,S32_2509,48, 51 ,14,
10165,S32_3207,44, 55 ,7,
10165,S50_1392,48, 106 ,10,
10165,S50_1514,38, 49 ,5,
10166,S18_3140,43, 137 ,2,
10166,S18_4522,26, 73 ,1,
10166,S700_1938,29, 76 ,3,
10167,S10_4757,44, 124 ,9,
10167,S18_1662,43, 142 ,1,
10167,S18_3029,46, 70 ,7,
10167,S18_3856,34, 85 ,6,
10167,S24_2011,33, 111 ,16,
10167,S24_2841,21, 55 ,2,
10167,S24_3151,20, 77 ,11,
10167,S24_3420,32, 64 ,3,
10167,S24_3816,29, 74 ,8,
10167,S700_1138,43, 66 ,12,
10167,S700_2047,29, 88 ,5,
10167,S700_2610,46, 62 ,10,
10167,S700_3505,24, 85 ,13,
10167,S700_3962,28, 83 ,14,
10167,S72_1253,40, 43 ,4,
10167,S72_3212,38, 44 ,15,
10168,S10_1678,36, 95 ,1,
10168,S10_2016,27, 98 ,4,
10168,S10_4698,20, 161 ,3,
10168,S18_2581,21, 75 ,9,
10168,S18_2625,46, 49 ,5,
10168,S24_1578,50, 104 ,2,
10168,S24_1785,49, 93 ,11,
10168,S24_2000,29, 72 ,6,
10168,S24_3949,27, 57 ,18,
10168,S24_4278,48, 68 ,10,
10168,S32_1374,28, 90 ,7,
10168,S32_4289,31, 58 ,12,
10168,S50_1341,48, 40 ,13,
10168,S700_1691,28, 91 ,14,
10168,S700_2466,31, 88 ,16,
10168,S700_2834,36, 95 ,8,
10168,S700_3167,48, 72 ,15,
10168,S700_4002,39, 67 ,17,
10169,S12_1099,30, 163 ,2,
10169,S12_2823,35, 127 ,13,
10169,S12_3990,36, 72 ,3,
10169,S18_3278,32, 65 ,5,
10169,S18_3482,36, 137 ,4,
10169,S18_3782,38, 53 ,8,
10169,S18_4721,33, 121 ,7,
10169,S24_2360,38, 66 ,11,
10169,S24_3371,34, 53 ,1,
10169,S24_4620,24, 78 ,6,
10169,S32_2206,26, 37 ,9,
10169,S32_4485,34, 84 ,12,
10169,S50_4713,48, 76 ,10,
10170,S12_3380,47, 116 ,4,
10170,S12_4675,41, 93 ,3,
10170,S18_1889,20, 70 ,2,
10170,S24_3856,34, 131 ,1,
10171,S18_1129,35, 134 ,2,
10171,S18_1984,35, 128 ,1,
10171,S18_3232,39, 166 ,3,
10171,S24_2972,36, 35 ,4,
10172,S18_1589,42, 110 ,6,
10172,S18_2870,39, 117 ,7,
10172,S18_3685,48, 140 ,8,
10172,S24_1046,32, 61 ,3,
10172,S24_1628,34, 43 ,5,
10172,S24_2766,22, 80 ,1,
10172,S24_3191,24, 78 ,2,
10172,S24_3432,22, 88 ,4,
10173,S18_1342,43, 102 ,6,
10173,S18_1367,48, 52 ,5,
10173,S18_1749,24, 168 ,13,
10173,S18_2248,26, 55 ,12,
10173,S18_2325,31, 127 ,10,
10173,S18_2795,22, 140 ,7,
10173,S18_2957,28, 57 ,2,
10173,S18_3136,31, 87 ,1,
10173,S18_3320,29, 90 ,4,
10173,S18_4409,21, 77 ,14,
10173,S18_4933,39, 58 ,15,
10173,S24_1937,31, 30 ,9,
10173,S24_2022,27, 39 ,8,
10173,S24_2887,23, 99 ,16,
10173,S24_3969,35, 36 ,11,
10173,S24_4258,22, 93 ,3,
10174,S10_1949,34, 208 ,4,
10174,S12_1666,43, 113 ,1,
10174,S18_1097,48, 109 ,3,
10174,S18_2949,46, 100 ,5,
10174,S18_4668,49, 44 ,2,
10175,S10_4962,33, 120 ,9,
10175,S12_4473,26, 109 ,1,
10175,S18_2319,48, 102 ,4,
10175,S18_2432,41, 60 ,7,
10175,S18_3232,29, 151 ,5,
10175,S18_4600,47, 103 ,10,
10175,S24_2300,28, 121 ,6,
10175,S24_2840,37, 32 ,2,
10175,S32_1268,22, 90 ,8,
10175,S32_2509,50, 51 ,3,
10175,S32_3522,29, 56 ,12,
10175,S700_2824,42, 81 ,11,
10176,S12_1108,33, 166 ,2,
10176,S12_3148,47, 145 ,3,
10176,S12_3891,50, 161 ,1,
10176,S18_2238,20, 139 ,10,
10176,S18_4027,36, 141 ,5,
10176,S24_1444,27, 55 ,8,
10176,S24_4048,29, 102 ,7,
10176,S32_3207,22, 62 ,6,
10176,S50_1392,23, 110 ,9,
10176,S50_1514,38, 52 ,4,
10177,S18_3140,23, 113 ,9,
10177,S18_3259,29, 93 ,11,
10177,S18_4522,35, 83 ,8,
10177,S24_2011,50, 116 ,7,
10177,S24_3151,45, 80 ,2,
10177,S700_1138,24, 59 ,3,
10177,S700_1938,31, 78 ,10,
10177,S700_2610,32, 64 ,1,
10177,S700_3505,44, 88 ,4,
10177,S700_3962,24, 83 ,5,
10177,S72_3212,40, 53 ,6,
10178,S10_4757,24, 132 ,12,
10178,S18_1662,42, 128 ,4,
10178,S18_3029,41, 71 ,10,
10178,S18_3856,48, 105 ,9,
10178,S24_2841,34, 68 ,5,
10178,S24_3420,27, 66 ,6,
10178,S24_3816,21, 69 ,11,
10178,S24_3949,30, 64 ,3,
10178,S700_2047,34, 87 ,8,
10178,S700_2466,22, 92 ,1,
10178,S700_4002,45, 68 ,2,
10178,S72_1253,45, 42 ,7,
10179,S18_2581,24, 83 ,3,
10179,S24_1785,47, 105 ,5,
10179,S24_4278,27, 67 ,4,
10179,S32_1374,45, 87 ,1,
10179,S32_4289,24, 64 ,6,
10179,S50_1341,34, 43 ,7,
10179,S700_1691,23, 76 ,8,
10179,S700_2834,25, 98 ,2,
10179,S700_3167,39, 80 ,9,
10180,S10_1678,29, 77 ,9,
10180,S10_2016,42, 100 ,12,
10180,S10_4698,41, 165 ,11,
10180,S12_2823,40, 131 ,8,
10180,S18_2625,25, 48 ,13,
10180,S18_3782,21, 59 ,3,
10180,S18_4721,44, 147 ,2,
10180,S24_1578,48, 98 ,10,
10180,S24_2000,28, 62 ,14,
10180,S24_2360,35, 61 ,6,
10180,S24_4620,28, 69 ,1,
10180,S32_2206,34, 33 ,4,
10180,S32_4485,22, 102 ,7,
10180,S50_4713,21, 75 ,5,
10181,S12_1099,27, 156 ,14,
10181,S12_3380,28, 114 ,12,
10181,S12_3990,20, 67 ,15,
10181,S12_4675,36, 107 ,11,
10181,S18_1129,44, 125 ,6,
10181,S18_1589,42, 124 ,2,
10181,S18_1889,22, 75 ,10,
10181,S18_1984,21, 129 ,5,
10181,S18_2870,27, 131 ,3,
10181,S18_3232,45, 147 ,7,
10181,S18_3278,30, 73 ,17,
10181,S18_3482,22, 121 ,16,
10181,S18_3685,39, 137 ,4,
10181,S24_1628,34, 45 ,1,
10181,S24_2972,37, 33 ,8,
10181,S24_3371,23, 54 ,13,
10181,S24_3856,25, 122 ,9,
10182,S18_1342,25, 83 ,3,
10182,S18_1367,32, 44 ,2,
10182,S18_1749,44, 160 ,10,
10182,S18_2248,38, 54 ,9,
10182,S18_2325,20, 106 ,7,
10182,S18_2795,21, 135 ,4,
10182,S18_3320,33, 86 ,1,
10182,S18_4409,36, 88 ,11,
10182,S18_4933,44, 61 ,12,
10182,S24_1046,47, 63 ,16,
10182,S24_1937,39, 32 ,6,
10182,S24_2022,31, 40 ,5,
10182,S24_2766,36, 87 ,14,
10182,S24_2887,20, 116 ,13,
10182,S24_3191,33, 74 ,15,
10182,S24_3432,49, 95 ,17,
10182,S24_3969,23, 35 ,8,
10183,S10_1949,23, 180 ,8,
10183,S10_4962,28, 127 ,1,
10183,S12_1666,41, 115 ,5,
10183,S18_1097,21, 109 ,7,
10183,S18_2949,37, 91 ,9,
10183,S18_2957,39, 51 ,11,
10183,S18_3136,22, 90 ,10,
10183,S18_4600,21, 119 ,2,
10183,S18_4668,40, 42 ,6,
10183,S24_4258,47, 82 ,12,
10183,S32_3522,49, 52 ,4,
10183,S700_2824,23, 86 ,3,
10184,S12_4473,37, 105 ,6,
10184,S18_2238,46, 146 ,5,
10184,S18_2319,46, 119 ,9,
10184,S18_2432,44, 61 ,12,
10184,S18_3232,28, 166 ,10,
10184,S24_1444,31, 57 ,3,
10184,S24_2300,24, 118 ,11,
10184,S24_2840,42, 30 ,7,
10184,S24_4048,49, 115 ,2,
10184,S32_1268,46, 85 ,13,
10184,S32_2509,33, 52 ,8,
10184,S32_3207,48, 59 ,1,
10184,S50_1392,45, 93 ,4,
10185,S12_1108,21, 195 ,13,
10185,S12_3148,33, 147 ,14,
10185,S12_3891,43, 147 ,12,
10185,S18_3140,28, 124 ,9,
10185,S18_3259,49, 95 ,11,
10185,S18_4027,39, 128 ,16,
10185,S18_4522,47, 88 ,8,
10185,S24_2011,30, 106 ,7,
10185,S24_3151,33, 83 ,2,
10185,S50_1514,20, 47 ,15,
10185,S700_1138,21, 65 ,3,
10185,S700_1938,30, 80 ,10,
10185,S700_2610,39, 61 ,1,
10185,S700_3505,37, 99 ,4,
10185,S700_3962,22, 93 ,5,
10185,S72_3212,28, 48 ,6,
10186,S10_4757,26, 109 ,9,
10186,S18_1662,32, 137 ,1,
10186,S18_3029,32, 73 ,7,
10186,S18_3856,46, 98 ,6,
10186,S24_2841,22, 60 ,2,
10186,S24_3420,21, 60 ,3,
10186,S24_3816,36, 69 ,8,
10186,S700_2047,24, 81 ,5,
10186,S72_1253,28, 43 ,4,
10187,S18_2581,45, 70 ,1,
10187,S24_1785,46, 96 ,3,
10187,S24_3949,43, 56 ,10,
10187,S24_4278,33, 64 ,2,
10187,S32_4289,31, 61 ,4,
10187,S50_1341,41, 40 ,5,
10187,S700_1691,34, 85 ,6,
10187,S700_2466,44, 96 ,8,
10187,S700_3167,34, 72 ,7,
10187,S700_4002,44, 70 ,9,
10188,S10_1678,48, 96 ,1,
10188,S10_2016,38, 112 ,4,
10188,S10_4698,45, 182 ,3,
10188,S18_2625,32, 52 ,5,
10188,S24_1578,25, 96 ,2,
10188,S24_2000,40, 62 ,6,
10188,S32_1374,44, 82 ,7,
10188,S700_2834,29, 96 ,8,
10189,S12_2823,28, 139 ,1,
10190,S24_2360,42, 59 ,3,
10190,S32_2206,46, 39 ,1,
10190,S32_4485,42, 90 ,4,
10190,S50_4713,40, 68 ,2,
10191,S12_1099,21, 156 ,3,
10191,S12_3380,40, 105 ,1,
10191,S12_3990,30, 70 ,4,
10191,S18_3278,36, 76 ,6,
10191,S18_3482,23, 119 ,5,
10191,S18_3782,43, 61 ,9,
10191,S18_4721,32, 137 ,8,
10191,S24_3371,48, 53 ,2,
10191,S24_4620,44, 78 ,7,
10192,S12_4675,27, 99 ,16,
10192,S18_1129,22, 140 ,11,
10192,S18_1589,29, 101 ,7,
10192,S18_1889,45, 71 ,15,
10192,S18_1984,47, 128 ,10,
10192,S18_2870,38, 111 ,8,
10192,S18_3232,26, 137 ,12,
10192,S18_3685,45, 126 ,9,
10192,S24_1046,37, 72 ,4,
10192,S24_1628,47, 49 ,6,
10192,S24_2766,46, 86 ,2,
10192,S24_2887,23, 113 ,1,
10192,S24_2972,30, 33 ,13,
10192,S24_3191,32, 69 ,3,
10192,S24_3432,46, 93 ,5,
10192,S24_3856,45, 112 ,14,
10193,S18_1342,28, 92 ,7,
10193,S18_1367,46, 46 ,6,
10193,S18_1749,21, 153 ,14,
10193,S18_2248,42, 61 ,13,
10193,S18_2325,44, 116 ,11,
10193,S18_2795,22, 143 ,8,
10193,S18_2949,28, 87 ,1,
10193,S18_2957,24, 53 ,3,
10193,S18_3136,23, 97 ,2,
10193,S18_3320,32, 79 ,5,
10193,S18_4409,24, 92 ,15,
10193,S18_4933,25, 66 ,16,
10193,S24_1937,26, 32 ,10,
10193,S24_2022,20, 45 ,9,
10193,S24_3969,22, 38 ,12,
10193,S24_4258,20, 93 ,4,
10194,S10_1949,42, 204 ,11,
10194,S10_4962,26, 134 ,4,
10194,S12_1666,38, 124 ,8,
10194,S18_1097,21, 104 ,10,
10194,S18_2432,45, 51 ,2,
10194,S18_4600,32, 114 ,5,
10194,S18_4668,41, 48 ,9,
10194,S24_2300,49, 112 ,1,
10194,S32_1268,37, 77 ,3,
10194,S32_3522,39, 61 ,7,
10194,S700_2824,26, 81 ,6,
10195,S12_4473,49, 119 ,6,
10195,S18_2238,27, 139 ,5,
10195,S18_2319,35, 113 ,9,
10195,S18_3232,50, 151 ,10,
10195,S24_1444,44, 54 ,3,
10195,S24_2840,32, 32 ,7,
10195,S24_4048,34, 96 ,2,
10195,S32_2509,32, 52 ,8,
10195,S32_3207,33, 59 ,1,
10195,S50_1392,49, 97 ,4,
10196,S12_1108,47, 204 ,5,
10196,S12_3148,24, 151 ,6,
10196,S12_3891,38, 147 ,4,
10196,S18_3140,49, 127 ,1,
10196,S18_3259,35, 82 ,3,
10196,S18_4027,27, 126 ,8,
10196,S50_1514,46, 57 ,7,
10196,S700_1938,50, 85 ,2,
10197,S10_4757,45, 118 ,6,
10197,S18_3029,46, 83 ,4,
10197,S18_3856,22, 86 ,3,
10197,S18_4522,50, 79 ,14,
10197,S24_2011,41, 109 ,13,
10197,S24_3151,47, 83 ,8,
10197,S24_3816,22, 68 ,5,
10197,S700_1138,23, 60 ,9,
10197,S700_2047,24, 79 ,2,
10197,S700_2610,50, 67 ,7,
10197,S700_3505,27, 100 ,10,
10197,S700_3962,35, 88 ,11,
10197,S72_1253,29, 40 ,1,
10197,S72_3212,42, 49 ,12,
10198,S18_1662,42, 150 ,4,
10198,S24_2841,48, 61 ,5,
10198,S24_3420,27, 62 ,6,
10198,S24_3949,43, 66 ,3,
10198,S700_2466,42, 95 ,1,
10198,S700_4002,40, 74 ,2,
10199,S50_1341,29, 38 ,1,
10199,S700_1691,48, 81 ,2,
10199,S700_3167,38, 70 ,3,
10200,S18_2581,28, 74 ,3,
10200,S24_1785,33, 100 ,5,
10200,S24_4278,39, 70 ,4,
10200,S32_1374,35, 81 ,1,
10200,S32_4289,27, 65 ,6,
10200,S700_2834,39, 115 ,2,
10201,S10_1678,22, 82 ,2,
10201,S10_2016,24, 117 ,5,
10201,S10_4698,49, 192 ,4,
10201,S12_2823,25, 127 ,1,
10201,S18_2625,30, 48 ,6,
10201,S24_1578,39, 94 ,3,
10201,S24_2000,25, 66 ,7,
10202,S18_3782,30, 55 ,3,
10202,S18_4721,43, 125 ,2,
10202,S24_2360,50, 56 ,6,
10202,S24_4620,50, 75 ,1,
10202,S32_2206,27, 33 ,4,
10202,S32_4485,31, 82 ,7,
10202,S50_4713,40, 80 ,5,
10203,S12_1099,20, 161 ,8,
10203,S12_3380,20, 112 ,6,
10203,S12_3990,44, 64 ,9,
10203,S12_4675,47, 115 ,5,
10203,S18_1889,45, 73 ,4,
10203,S18_3232,48, 157 ,1,
10203,S18_3278,33, 67 ,11,
10203,S18_3482,32, 128 ,10,
10203,S24_2972,21, 33 ,2,
10203,S24_3371,34, 57 ,7,
10203,S24_3856,47, 140 ,3,
10204,S18_1129,42, 115 ,17,
10204,S18_1589,40, 113 ,13,
10204,S18_1749,33, 153 ,4,
10204,S18_1984,38, 134 ,16,
10204,S18_2248,23, 59 ,3,
10204,S18_2325,26, 120 ,1,
10204,S18_2870,27, 107 ,14,
10204,S18_3685,35, 133 ,15,
10204,S18_4409,29, 84 ,5,
10204,S18_4933,45, 70 ,6,
10204,S24_1046,20, 70 ,10,
10204,S24_1628,45, 47 ,12,
10204,S24_2766,47, 79 ,8,
10204,S24_2887,42, 113 ,7,
10204,S24_3191,40, 85 ,9,
10204,S24_3432,48, 105 ,11,
10204,S24_3969,39, 35 ,2,
10205,S18_1342,36, 99 ,2,
10205,S18_1367,48, 46 ,1,
10205,S18_2795,40, 138 ,3,
10205,S24_1937,32, 28 ,5,
10205,S24_2022,24, 37 ,4,
10206,S10_1949,47, 204 ,6,
10206,S12_1666,28, 109 ,3,
10206,S18_1097,34, 116 ,5,
10206,S18_2949,37, 98 ,7,
10206,S18_2957,28, 52 ,9,
10206,S18_3136,30, 103 ,8,
10206,S18_3320,28, 99 ,11,
10206,S18_4668,21, 46 ,4,
10206,S24_4258,33, 95 ,10,
10206,S32_3522,36, 55 ,2,
10206,S700_2824,33, 89 ,1,
10207,S10_4962,31, 126 ,15,
10207,S12_4473,34, 96 ,7,
10207,S18_2238,44, 141 ,6,
10207,S18_2319,43, 109 ,10,
10207,S18_2432,37, 61 ,13,
10207,S18_3232,25, 141 ,11,
10207,S18_4027,40, 144 ,1,
10207,S18_4600,47, 120 ,16,
10207,S24_1444,49, 58 ,4,
10207,S24_2300,46, 128 ,12,
10207,S24_2840,42, 31 ,8,
10207,S24_4048,28, 109 ,3,
10207,S32_1268,49, 85 ,14,
10207,S32_2509,27, 52 ,9,
10207,S32_3207,45, 55 ,2,
10207,S50_1392,28, 106 ,5,
10208,S12_1108,46, 177 ,13,
10208,S12_3148,26, 128 ,14,
10208,S12_3891,20, 152 ,12,
10208,S18_3140,24, 117 ,9,
10208,S18_3259,48, 97 ,11,
10208,S18_4522,45, 73 ,8,
10208,S24_2011,35, 123 ,7,
10208,S24_3151,20, 81 ,2,
10208,S50_1514,30, 58 ,15,
10208,S700_1138,38, 57 ,3,
10208,S700_1938,40, 74 ,10,
10208,S700_2610,46, 64 ,1,
10208,S700_3505,37, 95 ,4,
10208,S700_3962,33, 95 ,5,
10208,S72_3212,42, 48 ,6,
10209,S10_4757,39, 129 ,8,
10209,S18_3029,28, 83 ,6,
10209,S18_3856,20, 97 ,5,
10209,S24_2841,43, 66 ,1,
10209,S24_3420,36, 57 ,2,
10209,S24_3816,22, 80 ,7,
10209,S700_2047,33, 91 ,4,
10209,S72_1253,48, 44 ,3,
10210,S10_2016,23, 113 ,2,
10210,S10_4698,34, 190 ,1,
10210,S18_1662,31, 142 ,17,
10210,S18_2581,50, 68 ,7,
10210,S18_2625,40, 51 ,3,
10210,S24_1785,27, 101 ,9,
10210,S24_2000,30, 63 ,4,
10210,S24_3949,29, 57 ,16,
10210,S24_4278,40, 68 ,8,
10210,S32_1374,46, 85 ,5,
10210,S32_4289,39, 57 ,10,
10210,S50_1341,43, 43 ,11,
10210,S700_1691,21, 88 ,12,
10210,S700_2466,26, 94 ,14,
10210,S700_2834,25, 98 ,6,
10210,S700_3167,31, 64 ,13,
10210,S700_4002,42, 61 ,15,
10211,S10_1678,41, 91 ,14,
10211,S12_1099,41, 171 ,2,
10211,S12_2823,36, 127 ,13,
10211,S12_3990,28, 80 ,3,
10211,S18_3278,35, 73 ,5,
10211,S18_3482,28, 138 ,4,
10211,S18_3782,46, 60 ,8,
10211,S18_4721,41, 149 ,7,
10211,S24_1578,25, 109 ,15,
10211,S24_2360,21, 62 ,11,
10211,S24_3371,48, 53 ,1,
10211,S24_4620,22, 81 ,6,
10211,S32_2206,41, 40 ,9,
10211,S32_4485,37, 95 ,12,
10211,S50_4713,40, 71 ,10,
10212,S12_3380,39, 100 ,16,
10212,S12_4675,33, 111 ,15,
10212,S18_1129,29, 117 ,10,
10212,S18_1589,38, 106 ,6,
10212,S18_1889,20, 65 ,14,
10212,S18_1984,41, 134 ,9,
10212,S18_2870,40, 117 ,7,
10212,S18_3232,40, 156 ,11,
10212,S18_3685,45, 116 ,8,
10212,S24_1046,41, 62 ,3,
10212,S24_1628,45, 43 ,5,
10212,S24_2766,45, 82 ,1,
10212,S24_2972,34, 37 ,12,
10212,S24_3191,27, 78 ,2,
10212,S24_3432,46, 101 ,4,
10212,S24_3856,49, 118 ,13,
10213,S18_4409,38, 85 ,1,
10213,S18_4933,25, 58 ,2,
10213,S24_2887,27, 97 ,3,
10214,S18_1749,30, 167 ,7,
10214,S18_2248,21, 53 ,6,
10214,S18_2325,27, 126 ,4,
10214,S18_2795,50, 167 ,1,
10214,S24_1937,20, 32 ,3,
10214,S24_2022,49, 40 ,2,
10214,S24_3969,44, 39 ,5,
10215,S10_1949,35, 206 ,3,
10215,S18_1097,46, 100 ,2,
10215,S18_1342,27, 92 ,10,
10215,S18_1367,33, 54 ,9,
10215,S18_2949,49, 97 ,4,
10215,S18_2957,31, 56 ,6,
10215,S18_3136,49, 89 ,5,
10215,S18_3320,41, 84 ,8,
10215,S18_4668,46, 43 ,1,
10215,S24_4258,39, 94 ,7,
10216,S12_1666,43, 134 ,1,
10217,S10_4962,48, 133 ,4,
10217,S18_2432,35, 58 ,2,
10217,S18_4600,38, 119 ,5,
10217,S24_2300,28, 104 ,1,
10217,S32_1268,21, 79 ,3,
10217,S32_3522,39, 56 ,7,
10217,S700_2824,31, 90 ,6,
10218,S18_2319,22, 110 ,1,
10218,S18_3232,34, 152 ,2,
10219,S12_4473,48, 95 ,2,
10219,S18_2238,43, 133 ,1,
10219,S24_2840,21, 31 ,3,
10219,S32_2509,35, 48 ,4,
10220,S12_1108,32, 189 ,2,
10220,S12_3148,30, 151 ,3,
10220,S12_3891,27, 166 ,1,
10220,S18_4027,50, 126 ,5,
10220,S24_1444,26, 49 ,8,
10220,S24_4048,37, 102 ,7,
10220,S32_3207,20, 50 ,6,
10220,S50_1392,37, 93 ,9,
10220,S50_1514,30, 57 ,4,
10221,S18_3140,33, 134 ,3,
10221,S18_3259,23, 90 ,5,
10221,S18_4522,39, 84 ,2,
10221,S24_2011,49, 113 ,1,
10221,S700_1938,23, 69 ,4,
10222,S10_4757,49, 133 ,12,
10222,S18_1662,49, 137 ,4,
10222,S18_3029,49, 79 ,10,
10222,S18_3856,45, 89 ,9,
10222,S24_2841,32, 57 ,5,
10222,S24_3151,47, 74 ,14,
10222,S24_3420,43, 61 ,6,
10222,S24_3816,46, 78 ,11,
10222,S24_3949,48, 55 ,3,
10222,S700_1138,31, 59 ,15,
10222,S700_2047,26, 81 ,8,
10222,S700_2466,37, 91 ,1,
10222,S700_2610,36, 69 ,13,
10222,S700_3505,38, 84 ,16,
10222,S700_3962,31, 81 ,17,
10222,S700_4002,43, 67 ,2,
10222,S72_1253,31, 45 ,7,
10222,S72_3212,36, 49 ,18,
10223,S10_1678,37, 80 ,1,
10223,S10_2016,47, 111 ,4,
10223,S10_4698,49, 190 ,3,
10223,S18_2581,47, 68 ,9,
10223,S18_2625,28, 59 ,5,
10223,S24_1578,32, 105 ,2,
10223,S24_1785,34, 88 ,11,
10223,S24_2000,38, 61 ,6,
10223,S24_4278,23, 68 ,10,
10223,S32_1374,21, 91 ,7,
10223,S32_4289,20, 67 ,12,
10223,S50_1341,41, 41 ,13,
10223,S700_1691,25, 84 ,14,
10223,S700_2834,29, 114 ,8,
10223,S700_3167,26, 79 ,15,
10224,S12_2823,43, 142 ,6,
10224,S18_3782,38, 57 ,1,
10224,S24_2360,37, 60 ,4,
10224,S32_2206,43, 37 ,2,
10224,S32_4485,30, 95 ,5,
10224,S50_4713,50, 81 ,3,
10225,S12_1099,27, 158 ,9,
10225,S12_3380,25, 101 ,7,
10225,S12_3990,37, 65 ,10,
10225,S12_4675,21, 100 ,6,
10225,S18_1129,32, 116 ,1,
10225,S18_1889,47, 72 ,5,
10225,S18_3232,43, 163 ,2,
10225,S18_3278,37, 70 ,12,
10225,S18_3482,27, 119 ,11,
10225,S18_4721,35, 135 ,14,
10225,S24_2972,42, 35 ,3,
10225,S24_3371,24, 51 ,8,
10225,S24_3856,40, 131 ,4,
10225,S24_4620,46, 78 ,13,
10226,S18_1589,38, 108 ,4,
10226,S18_1984,24, 129 ,7,
10226,S18_2870,24, 125 ,5,
10226,S18_3685,46, 123 ,6,
10226,S24_1046,21, 65 ,1,
10226,S24_1628,36, 48 ,3,
10226,S24_3432,48, 95 ,2,
10227,S18_1342,25, 85 ,3,
10227,S18_1367,31, 50 ,2,
10227,S18_1749,26, 136 ,10,
10227,S18_2248,28, 60 ,9,
10227,S18_2325,46, 118 ,7,
10227,S18_2795,29, 147 ,4,
10227,S18_3320,33, 99 ,1,
10227,S18_4409,34, 87 ,11,
10227,S18_4933,37, 71 ,12,
10227,S24_1937,42, 27 ,6,
10227,S24_2022,24, 39 ,5,
10227,S24_2766,47, 85 ,14,
10227,S24_2887,33, 102 ,13,
10227,S24_3191,40, 79 ,15,
10227,S24_3969,27, 35 ,8,
10228,S10_1949,29, 214 ,2,
10228,S18_1097,32, 100 ,1,
10228,S18_2949,24, 101 ,3,
10228,S18_2957,45, 57 ,5,
10228,S18_3136,31, 101 ,4,
10228,S24_4258,33, 85 ,6,
10229,S10_4962,50, 139 ,9,
10229,S12_1666,25, 111 ,13,
10229,S12_4473,36, 96 ,1,
10229,S18_2319,26, 104 ,4,
10229,S18_2432,28, 53 ,7,
10229,S18_3232,22, 157 ,5,
10229,S18_4600,41, 120 ,10,
10229,S18_4668,39, 44 ,14,
10229,S24_2300,48, 115 ,6,
10229,S24_2840,33, 35 ,2,
10229,S32_1268,25, 79 ,8,
10229,S32_2509,23, 50 ,3,
10229,S32_3522,30, 52 ,12,
10229,S700_2824,50, 91 ,11,
10230,S12_3148,43, 128 ,1,
10230,S18_2238,49, 154 ,8,
10230,S18_4027,42, 142 ,3,
10230,S24_1444,36, 47 ,6,
10230,S24_4048,45, 99 ,5,
10230,S32_3207,46, 59 ,4,
10230,S50_1392,34, 101 ,7,
10230,S50_1514,43, 57 ,2,
10231,S12_1108,42, 193 ,2,
10231,S12_3891,49, 147 ,1,
10232,S18_3140,22, 134 ,6,
10232,S18_3259,48, 98 ,8,
10232,S18_4522,23, 78 ,5,
10232,S24_2011,46, 113 ,4,
10232,S700_1938,26, 85 ,7,
10232,S700_3505,48, 86 ,1,
10232,S700_3962,35, 81 ,2,
10232,S72_3212,24, 49 ,3,
10233,S24_3151,40, 71 ,2,
10233,S700_1138,36, 66 ,3,
10233,S700_2610,29, 68 ,1,
10234,S10_4757,48, 118 ,9,
10234,S18_1662,50, 147 ,1,
10234,S18_3029,48, 84 ,7,
10234,S18_3856,39, 86 ,6,
10234,S24_2841,44, 67 ,2,
10234,S24_3420,25, 65 ,3,
10234,S24_3816,31, 79 ,8,
10234,S700_2047,29, 83 ,5,
10234,S72_1253,40, 46 ,4,
10235,S18_2581,24, 82 ,3,
10235,S24_1785,23, 90 ,5,
10235,S24_3949,33, 55 ,12,
10235,S24_4278,40, 63 ,4,
10235,S32_1374,41, 91 ,1,
10235,S32_4289,34, 67 ,6,
10235,S50_1341,41, 37 ,7,
10235,S700_1691,25, 89 ,8,
10235,S700_2466,38, 93 ,10,
10235,S700_2834,25, 116 ,2,
10235,S700_3167,32, 74 ,9,
10235,S700_4002,34, 70 ,11,
10236,S10_2016,22, 106 ,1,
10236,S18_2625,23, 53 ,2,
10236,S24_2000,36, 66 ,3,
10237,S10_1678,23, 92 ,7,
10237,S10_4698,39, 159 ,9,
10237,S12_2823,32, 130 ,6,
10237,S18_3782,26, 50 ,1,
10237,S24_1578,20, 109 ,8,
10237,S24_2360,26, 62 ,4,
10237,S32_2206,26, 35 ,2,
10237,S32_4485,27, 95 ,5,
10237,S50_4713,20, 79 ,3,
10238,S12_1099,28, 161 ,3,
10238,S12_3380,29, 105 ,1,
10238,S12_3990,20, 73 ,4,
10238,S18_3278,41, 68 ,6,
10238,S18_3482,49, 144 ,5,
10238,S18_4721,44, 121 ,8,
10238,S24_3371,47, 54 ,2,
10238,S24_4620,22, 68 ,7,
10239,S12_4675,21, 100 ,5,
10239,S18_1889,46, 70 ,4,
10239,S18_3232,47, 135 ,1,
10239,S24_2972,20, 32 ,2,
10239,S24_3856,29, 133 ,3,
10240,S18_1129,41, 126 ,3,
10240,S18_1984,37, 137 ,2,
10240,S18_3685,37, 134 ,1,
10241,S18_1589,21, 119 ,11,
10241,S18_1749,41, 153 ,2,
10241,S18_2248,33, 56 ,1,
10241,S18_2870,44, 127 ,12,
10241,S18_4409,42, 77 ,3,
10241,S18_4933,30, 63 ,4,
10241,S24_1046,22, 72 ,8,
10241,S24_1628,21, 47 ,10,
10241,S24_2766,47, 89 ,6,
10241,S24_2887,28, 117 ,5,
10241,S24_3191,26, 69 ,7,
10241,S24_3432,27, 107 ,9,
10242,S24_3969,46, 37 ,1,
10243,S18_2325,47, 112 ,2,
10243,S24_1937,33, 31 ,1,
10244,S18_1342,40, 100 ,7,
10244,S18_1367,20, 49 ,6,
10244,S18_2795,43, 142 ,8,
10244,S18_2949,30, 87 ,1,
10244,S18_2957,24, 55 ,3,
10244,S18_3136,29, 86 ,2,
10244,S18_3320,36, 87 ,5,
10244,S24_2022,39, 42 ,9,
10244,S24_4258,40, 97 ,4,
10245,S10_1949,34, 195 ,9,
10245,S10_4962,28, 148 ,2,
10245,S12_1666,38, 120 ,6,
10245,S18_1097,29, 114 ,8,
10245,S18_4600,21, 111 ,3,
10245,S18_4668,45, 49 ,7,
10245,S32_1268,37, 82 ,1,
10245,S32_3522,44, 55 ,5,
10245,S700_2824,44, 82 ,4,
10246,S12_4473,46, 100 ,5,
10246,S18_2238,40, 144 ,4,
10246,S18_2319,22, 101 ,8,
10246,S18_2432,30, 58 ,11,
10246,S18_3232,36, 146 ,9,
10246,S24_1444,44, 46 ,2,
10246,S24_2300,29, 119 ,10,
10246,S24_2840,49, 35 ,6,
10246,S24_4048,46, 101 ,1,
10246,S32_2509,35, 45 ,7,
10246,S50_1392,22, 113 ,3,
10247,S12_1108,44, 195 ,2,
10247,S12_3148,25, 141 ,3,
10247,S12_3891,27, 168 ,1,
10247,S18_4027,48, 144 ,5,
10247,S32_3207,40, 58 ,6,
10247,S50_1514,49, 52 ,4,
10248,S10_4757,20, 126 ,3,
10248,S18_3029,21, 81 ,1,
10248,S18_3140,32, 134 ,12,
10248,S18_3259,42, 96 ,14,
10248,S18_4522,42, 88 ,11,
10248,S24_2011,48, 123 ,10,
10248,S24_3151,30, 86 ,5,
10248,S24_3816,23, 83 ,2,
10248,S700_1138,36, 66 ,6,
10248,S700_1938,40, 81 ,13,
10248,S700_2610,32, 69 ,4,
10248,S700_3505,30, 84 ,7,
10248,S700_3962,35, 92 ,8,
10248,S72_3212,23, 54 ,9,
10249,S18_3856,46, 89 ,5,
10249,S24_2841,20, 55 ,1,
10249,S24_3420,25, 66 ,2,
10249,S700_2047,40, 86 ,4,
10249,S72_1253,32, 49 ,3,
10250,S18_1662,45, 148 ,14,
10250,S18_2581,27, 84 ,4,
10250,S24_1785,31, 95 ,6,
10250,S24_2000,32, 63 ,1,
10250,S24_3949,40, 61 ,13,
10250,S24_4278,37, 72 ,5,
10250,S32_1374,31, 100 ,2,
10250,S32_4289,50, 63 ,7,
10250,S50_1341,36, 37 ,8,
10250,S700_1691,31, 91 ,9,
10250,S700_2466,35, 91 ,11,
10250,S700_2834,44, 98 ,3,
10250,S700_3167,44, 76 ,10,
10250,S700_4002,38, 66 ,12,
10251,S10_1678,59, 94 ,2,
10251,S10_2016,44, 115 ,5,
10251,S10_4698,43, 172 ,4,
10251,S12_2823,46, 130 ,1,
10251,S18_2625,44, 58 ,6,
10251,S24_1578,50, 91 ,3,
10252,S18_3278,20, 75 ,2,
10252,S18_3482,41, 146 ,1,
10252,S18_3782,31, 50 ,5,
10252,S18_4721,26, 128 ,4,
10252,S24_2360,47, 63 ,8,
10252,S24_4620,38, 70 ,3,
10252,S32_2206,36, 36 ,6,
10252,S32_4485,25, 94 ,9,
10252,S50_4713,48, 72 ,7,
10253,S12_1099,24, 158 ,13,
10253,S12_3380,22, 102 ,11,
10253,S12_3990,25, 67 ,14,
10253,S12_4675,41, 109 ,10,
10253,S18_1129,26, 130 ,5,
10253,S18_1589,24, 103 ,1,
10253,S18_1889,23, 68 ,9,
10253,S18_1984,33, 131 ,4,
10253,S18_2870,37, 115 ,2,
10253,S18_3232,40, 146 ,6,
10253,S18_3685,31, 140 ,3,
10253,S24_2972,40, 35 ,7,
10253,S24_3371,24, 51 ,12,
10253,S24_3856,39, 115 ,8,
10254,S18_1749,49, 138 ,5,
10254,S18_2248,36, 55 ,4,
10254,S18_2325,41, 103 ,2,
10254,S18_4409,34, 81 ,6,
10254,S18_4933,30, 60 ,7,
10254,S24_1046,34, 67 ,11,
10254,S24_1628,32, 43 ,13,
10254,S24_1937,38, 29 ,1,
10254,S24_2766,31, 85 ,9,
10254,S24_2887,33, 112 ,8,
10254,S24_3191,42, 69 ,10,
10254,S24_3432,49, 102 ,12,
10254,S24_3969,20, 40 ,3,
10255,S18_2795,24, 135 ,1,
10255,S24_2022,37, 38 ,2,
10256,S18_1342,34, 93 ,2,
10256,S18_1367,29, 53 ,1,
10257,S18_2949,50, 92 ,1,
10257,S18_2957,49, 59 ,3,
10257,S18_3136,37, 84 ,2,
10257,S18_3320,26, 91 ,5,
10257,S24_4258,46, 82 ,4,
10258,S10_1949,32, 178 ,6,
10258,S12_1666,41, 134 ,3,
10258,S18_1097,41, 113 ,5,
10258,S18_4668,21, 50 ,4,
10258,S32_3522,20, 63 ,2,
10258,S700_2824,45, 87 ,1,
10259,S10_4962,26, 121 ,12,
10259,S12_4473,46, 117 ,4,
10259,S18_2238,30, 134 ,3,
10259,S18_2319,34, 120 ,7,
10259,S18_2432,30, 60 ,10,
10259,S18_3232,27, 152 ,8,
10259,S18_4600,41, 108 ,13,
10259,S24_1444,28, 47 ,1,
10259,S24_2300,47, 121 ,9,
10259,S24_2840,31, 31 ,5,
10259,S32_1268,45, 95 ,11,
10259,S32_2509,40, 46 ,6,
10259,S50_1392,29, 105 ,2,
10260,S12_1108,46, 181 ,5,
10260,S12_3148,30, 141 ,6,
10260,S12_3891,44, 170 ,4,
10260,S18_3140,32, 122 ,1,
10260,S18_3259,29, 93 ,3,
10260,S18_4027,23, 138 ,8,
10260,S24_4048,23, 117 ,10,
10260,S32_3207,27, 55 ,9,
10260,S50_1514,21, 56 ,7,
10260,S700_1938,33, 81 ,2,
10261,S10_4757,27, 117 ,1,
10261,S18_4522,20, 81 ,9,
10261,S24_2011,36, 106 ,8,
10261,S24_3151,22, 80 ,3,
10261,S700_1138,34, 64 ,4,
10261,S700_2610,44, 59 ,2,
10261,S700_3505,25, 89 ,5,
10261,S700_3962,50, 88 ,6,
10261,S72_3212,29, 44 ,7,
10262,S18_1662,49, 158 ,9,
10262,S18_3029,32, 82 ,15,
10262,S18_3856,34, 86 ,14,
10262,S24_1785,34, 98 ,1,
10262,S24_2841,24, 64 ,10,
10262,S24_3420,46, 66 ,11,
10262,S24_3816,49, 82 ,16,
10262,S24_3949,48, 59 ,8,
10262,S32_4289,40, 64 ,2,
10262,S50_1341,49, 36 ,3,
10262,S700_1691,40, 88 ,4,
10262,S700_2047,44, 83 ,13,
10262,S700_2466,33, 82 ,6,
10262,S700_3167,27, 65 ,5,
10262,S700_4002,35, 64 ,7,
10262,S72_1253,21, 42 ,12,
10263,S10_1678,34, 89 ,2,
10263,S10_2016,40, 107 ,5,
10263,S10_4698,41, 194 ,4,
10263,S12_2823,48, 124 ,1,
10263,S18_2581,33, 68 ,10,
10263,S18_2625,34, 50 ,6,
10263,S24_1578,42, 109 ,3,
10263,S24_2000,37, 67 ,7,
10263,S24_4278,24, 59 ,11,
10263,S32_1374,31, 94 ,8,
10263,S700_2834,47, 117 ,9,
10264,S18_3782,48, 58 ,3,
10264,S18_4721,20, 125 ,2,
10264,S24_2360,37, 62 ,6,
10264,S24_4620,47, 75 ,1,
10264,S32_2206,20, 39 ,4,
10264,S32_4485,34, 100 ,7,
10264,S50_4713,47, 68 ,5,
10265,S18_3278,45, 75 ,2,
10265,S18_3482,49, 123 ,1,
10266,S12_1099,44, 189 ,14,
10266,S12_3380,22, 110 ,12,
10266,S12_3990,35, 68 ,15,
10266,S12_4675,40, 113 ,11,
10266,S18_1129,21, 132 ,6,
10266,S18_1589,36, 100 ,2,
10266,S18_1889,33, 77 ,10,
10266,S18_1984,49, 139 ,5,
10266,S18_2870,20, 114 ,3,
10266,S18_3232,29, 137 ,7,
10266,S18_3685,33, 127 ,4,
10266,S24_1628,28, 40 ,1,
10266,S24_2972,34, 35 ,8,
10266,S24_3371,47, 56 ,13,
10266,S24_3856,24, 119 ,9,
10267,S18_4933,36, 71 ,1,
10267,S24_1046,40, 72 ,5,
10267,S24_2766,38, 76 ,3,
10267,S24_2887,43, 94 ,2,
10267,S24_3191,44, 84 ,4,
10267,S24_3432,43, 99 ,6,
10268,S18_1342,49, 93 ,3,
10268,S18_1367,26, 46 ,2,
10268,S18_1749,34, 165 ,10,
10268,S18_2248,31, 61 ,9,
10268,S18_2325,50, 125 ,7,
10268,S18_2795,35, 149 ,4,
10268,S18_3320,39, 96 ,1,
10268,S18_4409,35, 85 ,11,
10268,S24_1937,33, 32 ,6,
10268,S24_2022,40, 36 ,5,
10268,S24_3969,30, 38 ,8,
10269,S18_2957,32, 57 ,1,
10269,S24_4258,48, 95 ,2,
10270,S10_1949,21, 171 ,9,
10270,S10_4962,32, 124 ,2,
10270,S12_1666,28, 135 ,6,
10270,S18_1097,43, 95 ,8,
10270,S18_2949,31, 81 ,10,
10270,S18_3136,38, 86 ,11,
10270,S18_4600,38, 108 ,3,
10270,S18_4668,44, 40 ,7,
10270,S32_1268,32, 93 ,1,
10270,S32_3522,21, 52 ,5,
10270,S700_2824,46, 101 ,4,
10271,S12_4473,31, 100 ,5,
10271,S18_2238,50, 147 ,4,
10271,S18_2319,50, 122 ,8,
10271,S18_2432,25, 60 ,11,
10271,S18_3232,20, 169 ,9,
10271,S24_1444,45, 50 ,2,
10271,S24_2300,43, 123 ,10,
10271,S24_2840,38, 29 ,6,
10271,S24_4048,22, 110 ,1,
10271,S32_2509,35, 52 ,7,
10271,S50_1392,34, 94 ,3,
10272,S12_1108,35, 187 ,2,
10272,S12_3148,27, 124 ,3,
10272,S12_3891,39, 149 ,1,
10272,S18_4027,25, 126 ,5,
10272,S32_3207,45, 57 ,6,
10272,S50_1514,43, 54 ,4,
10273,S10_4757,30, 136 ,4,
10273,S18_3029,34, 84 ,2,
10273,S18_3140,40, 117 ,13,
10273,S18_3259,47, 88 ,15,
10273,S18_3856,50, 106 ,1,
10273,S18_4522,33, 73 ,12,
10273,S24_2011,22, 103 ,11,
10273,S24_3151,27, 84 ,6,
10273,S24_3816,48, 84 ,3,
10273,S700_1138,21, 66 ,7,
10273,S700_1938,21, 78 ,14,
10273,S700_2610,42, 58 ,5,
10273,S700_3505,40, 91 ,8,
10273,S700_3962,26, 89 ,9,
10273,S72_3212,37, 51 ,10,
10274,S18_1662,41, 129 ,1,
10274,S24_2841,40, 57 ,2,
10274,S24_3420,24, 65 ,3,
10274,S700_2047,24, 75 ,5,
10274,S72_1253,32, 50 ,4,
10275,S10_1678,45, 81 ,1,
10275,S10_2016,22, 115 ,4,
10275,S10_4698,36, 155 ,3,
10275,S18_2581,35, 70 ,9,
10275,S18_2625,37, 52 ,5,
10275,S24_1578,21, 106 ,2,
10275,S24_1785,25, 97 ,11,
10275,S24_2000,30, 62 ,6,
10275,S24_3949,41, 58 ,18,
10275,S24_4278,27, 67 ,10,
10275,S32_1374,23, 90 ,7,
10275,S32_4289,28, 58 ,12,
10275,S50_1341,38, 40 ,13,
10275,S700_1691,32, 86 ,14,
10275,S700_2466,39, 83 ,16,
10275,S700_2834,48, 102 ,8,
10275,S700_3167,43, 72 ,15,
10275,S700_4002,31, 60 ,17,
10276,S12_1099,50, 185 ,3,
10276,S12_2823,43, 151 ,14,
10276,S12_3380,47, 105 ,1,
10276,S12_3990,38, 68 ,4,
10276,S18_3278,38, 78 ,6,
10276,S18_3482,30, 140 ,5,
10276,S18_3782,33, 55 ,9,
10276,S18_4721,48, 121 ,8,
10276,S24_2360,46, 62 ,12,
10276,S24_3371,20, 58 ,2,
10276,S24_4620,48, 67 ,7,
10276,S32_2206,27, 35 ,10,
10276,S32_4485,38, 95 ,13,
10276,S50_4713,21, 68 ,11,
10277,S12_4675,28, 93 ,1,
10278,S18_1129,34, 115 ,6,
10278,S18_1589,23, 107 ,2,
10278,S18_1889,29, 73 ,10,
10278,S18_1984,29, 118 ,5,
10278,S18_2870,39, 117 ,3,
10278,S18_3232,42, 168 ,7,
10278,S18_3685,31, 114 ,4,
10278,S24_1628,35, 49 ,1,
10278,S24_2972,31, 37 ,8,
10278,S24_3856,25, 136 ,9,
10279,S18_4933,26, 68 ,1,
10279,S24_1046,32, 68 ,5,
10279,S24_2766,49, 76 ,3,
10279,S24_2887,48, 107 ,2,
10279,S24_3191,33, 79 ,4,
10279,S24_3432,48, 95 ,6,
10280,S10_1949,34, 206 ,2,
10280,S18_1097,24, 98 ,1,
10280,S18_1342,50, 87 ,9,
10280,S18_1367,27, 47 ,8,
10280,S18_1749,26, 162 ,16,
10280,S18_2248,25, 53 ,15,
10280,S18_2325,37, 109 ,13,
10280,S18_2795,22, 159 ,10,
10280,S18_2949,46, 82 ,3,
10280,S18_2957,43, 54 ,5,
10280,S18_3136,29, 103 ,4,
10280,S18_3320,34, 99 ,7,
10280,S18_4409,35, 77 ,17,
10280,S24_1937,20, 30 ,12,
10280,S24_2022,45, 36 ,11,
10280,S24_3969,33, 35 ,14,
10280,S24_4258,21, 80 ,6,
10281,S10_4962,44, 133 ,9,
10281,S12_1666,25, 127 ,13,
10281,S12_4473,41, 98 ,1,
10281,S18_2319,48, 114 ,4,
10281,S18_2432,29, 57 ,7,
10281,S18_3232,25, 135 ,5,
10281,S18_4600,25, 97 ,10,
10281,S18_4668,44, 43 ,14,
10281,S24_2300,25, 112 ,6,
10281,S24_2840,20, 34 ,2,
10281,S32_1268,29, 81 ,8,
10281,S32_2509,31, 45 ,3,
10281,S32_3522,36, 59 ,12,
10281,S700_2824,27, 89 ,11,
10282,S12_1108,41, 177 ,5,
10282,S12_3148,27, 142 ,6,
10282,S12_3891,24, 170 ,4,
10282,S18_2238,23, 147 ,13,
10282,S18_3140,43, 123 ,1,
10282,S18_3259,36, 89 ,3,
10282,S18_4027,31, 132 ,8,
10282,S24_1444,29, 50 ,11,
10282,S24_4048,39, 97 ,10,
10282,S32_3207,36, 52 ,9,
10282,S50_1392,38, 115 ,12,
10282,S50_1514,37, 56 ,7,
10282,S700_1938,43, 78 ,2,
10283,S10_4757,25, 131 ,6,
10283,S18_3029,21, 78 ,4,
10283,S18_3856,46, 101 ,3,
10283,S18_4522,34, 72 ,14,
10283,S24_2011,42, 100 ,13,
10283,S24_3151,34, 81 ,8,
10283,S24_3816,33, 77 ,5,
10283,S700_1138,45, 62 ,9,
10283,S700_2047,20, 74 ,2,
10283,S700_2610,47, 69 ,7,
10283,S700_3505,22, 88 ,10,
10283,S700_3962,38, 85 ,11,
10283,S72_1253,43, 41 ,1,
10283,S72_3212,33, 49 ,12,
10284,S18_1662,45, 137 ,11,
10284,S18_2581,31, 68 ,1,
10284,S24_1785,22, 102 ,3,
10284,S24_2841,30, 65 ,12,
10284,S24_3420,39, 60 ,13,
10284,S24_3949,21, 66 ,10,
10284,S24_4278,21, 67 ,2,
10284,S32_4289,50, 61 ,4,
10284,S50_1341,33, 36 ,5,
10284,S700_1691,24, 88 ,6,
10284,S700_2466,45, 96 ,8,
10284,S700_3167,25, 68 ,7,
10284,S700_4002,32, 73 ,9,
10285,S10_1678,36, 96 ,6,
10285,S10_2016,47, 111 ,9,
10285,S10_4698,27, 167 ,8,
10285,S12_2823,49, 131 ,5,
10285,S18_2625,20, 51 ,10,
10285,S24_1578,34, 91 ,7,
10285,S24_2000,39, 62 ,11,
10285,S24_2360,38, 64 ,3,
10285,S32_1374,37, 83 ,12,
10285,S32_2206,37, 37 ,1,
10285,S32_4485,26, 100 ,4,
10285,S50_4713,39, 76 ,2,
10285,S700_2834,45, 102 ,13,
10286,S18_3782,38, 52 ,1,
10287,S12_1099,21, 191 ,12,
10287,S12_3380,45, 117 ,10,
10287,S12_3990,41, 74 ,13,
10287,S12_4675,23, 107 ,9,
10287,S18_1129,41, 113 ,4,
10287,S18_1889,44, 62 ,8,
10287,S18_1984,24, 124 ,3,
10287,S18_2870,44, 115 ,1,
10287,S18_3232,36, 137 ,5,
10287,S18_3278,43, 68 ,15,
10287,S18_3482,40, 128 ,14,
10287,S18_3685,27, 140 ,2,
10287,S18_4721,34, 119 ,17,
10287,S24_2972,36, 31 ,6,
10287,S24_3371,20, 58 ,11,
10287,S24_3856,36, 138 ,7,
10287,S24_4620,40, 79 ,16,
10288,S18_1589,20, 121 ,14,
10288,S18_1749,32, 168 ,5,
10288,S18_2248,28, 50 ,4,
10288,S18_2325,31, 103 ,2,
10288,S18_4409,35, 90 ,6,
10288,S18_4933,23, 57 ,7,
10288,S24_1046,36, 67 ,11,
10288,S24_1628,50, 49 ,13,
10288,S24_1937,29, 32 ,1,
10288,S24_2766,35, 82 ,9,
10288,S24_2887,48, 109 ,8,
10288,S24_3191,34, 76 ,10,
10288,S24_3432,41, 102 ,12,
10288,S24_3969,33, 38 ,3,
10289,S18_1342,38, 92 ,2,
10289,S18_1367,24, 45 ,1,
10289,S18_2795,43, 142 ,3,
10289,S24_2022,45, 41 ,4,
10290,S18_3320,26, 80 ,2,
10290,S24_4258,45, 84 ,1,
10291,S10_1949,37, 210 ,11,
10291,S10_4962,30, 142 ,4,
10291,S12_1666,41, 123 ,8,
10291,S18_1097,41, 97 ,10,
10291,S18_2432,26, 52 ,2,
10291,S18_2949,47, 99 ,12,
10291,S18_2957,37, 56 ,14,
10291,S18_3136,23, 93 ,13,
10291,S18_4600,48, 97 ,5,
10291,S18_4668,29, 45 ,9,
10291,S24_2300,48, 110 ,1,
10291,S32_1268,26, 83 ,3,
10291,S32_3522,32, 53 ,7,
10291,S700_2824,28, 87 ,6,
10292,S12_4473,21, 95 ,8,
10292,S18_2238,26, 141 ,7,
10292,S18_2319,41, 103 ,11,
10292,S18_3232,21, 147 ,12,
10292,S18_4027,44, 115 ,2,
10292,S24_1444,40, 49 ,5,
10292,S24_2840,39, 34 ,9,
10292,S24_4048,27, 114 ,4,
10292,S32_2509,50, 54 ,10,
10292,S32_3207,31, 60 ,3,
10292,S50_1392,41, 113 ,6,
10292,S50_1514,35, 50 ,1,
10293,S12_1108,46, 187 ,8,
10293,S12_3148,24, 130 ,9,
10293,S12_3891,45, 171 ,7,
10293,S18_3140,24, 111 ,4,
10293,S18_3259,22, 92 ,6,
10293,S18_4522,49, 73 ,3,
10293,S24_2011,21, 112 ,2,
10293,S700_1938,29, 78 ,5,
10293,S72_3212,32, 51 ,1,
10294,S700_3962,45, 98 ,1,
10295,S10_4757,24, 136 ,1,
10295,S24_3151,46, 84 ,3,
10295,S700_1138,26, 62 ,4,
10295,S700_2610,44, 72 ,2,
10295,S700_3505,34, 93 ,5,
10296,S18_1662,36, 147 ,7,
10296,S18_3029,21, 70 ,13,
10296,S18_3856,22, 106 ,12,
10296,S24_2841,21, 61 ,8,
10296,S24_3420,31, 64 ,9,
10296,S24_3816,22, 83 ,14,
10296,S24_3949,32, 63 ,6,
10296,S50_1341,26, 41 ,1,
10296,S700_1691,42, 76 ,2,
10296,S700_2047,34, 90 ,11,
10296,S700_2466,24, 97 ,4,
10296,S700_3167,22, 74 ,3,
10296,S700_4002,47, 61 ,5,
10296,S72_1253,21, 47 ,10,
10297,S18_2581,25, 82 ,4,
10297,S24_1785,32, 107 ,6,
10297,S24_2000,32, 70 ,1,
10297,S24_4278,23, 72 ,5,
10297,S32_1374,26, 89 ,2,
10297,S32_4289,28, 63 ,7,
10297,S700_2834,35, 112 ,3,
10298,S10_2016,39, 106 ,1,
10298,S18_2625,32, 61 ,2,
10299,S10_1678,23, 77 ,9,
10299,S10_4698,29, 165 ,11,
10299,S12_2823,24, 124 ,8,
10299,S18_3782,39, 62 ,3,
10299,S18_4721,49, 119 ,2,
10299,S24_1578,47, 107 ,10,
10299,S24_2360,33, 59 ,6,
10299,S24_4620,32, 66 ,1,
10299,S32_2206,24, 36 ,4,
10299,S32_4485,38, 85 ,7,
10299,S50_4713,44, 77 ,5,
10300,S12_1099,33, 185 ,5,
10300,S12_3380,29, 116 ,3,
10300,S12_3990,22, 77 ,6,
10300,S12_4675,23, 96 ,2,
10300,S18_1889,41, 63 ,1,
10300,S18_3278,49, 66 ,8,
10300,S18_3482,23, 144 ,7,
10300,S24_3371,31, 52 ,4,
10301,S18_1129,37, 115 ,8,
10301,S18_1589,32, 118 ,4,
10301,S18_1984,47, 119 ,7,
10301,S18_2870,22, 114 ,5,
10301,S18_3232,23, 135 ,9,
10301,S18_3685,39, 137 ,6,
10301,S24_1046,27, 65 ,1,
10301,S24_1628,22, 41 ,3,
10301,S24_2972,48, 32 ,10,
10301,S24_3432,22, 87 ,2,
10301,S24_3856,50, 122 ,11,
10302,S18_1749,43, 167 ,1,
10302,S18_4409,38, 83 ,2,
10302,S18_4933,23, 71 ,3,
10302,S24_2766,49, 75 ,5,
10302,S24_2887,45, 105 ,4,
10302,S24_3191,48, 74 ,6,
10303,S18_2248,46, 57 ,2,
10303,S24_3969,24, 36 ,1,
10304,S10_1949,47, 201 ,6,
10304,S12_1666,39, 118 ,3,
10304,S18_1097,46, 106 ,5,
10304,S18_1342,37, 96 ,13,
10304,S18_1367,37, 47 ,12,
10304,S18_2325,24, 103 ,17,
10304,S18_2795,20, 142 ,14,
10304,S18_2949,46, 98 ,7,
10304,S18_2957,24, 54 ,9,
10304,S18_3136,26, 90 ,8,
10304,S18_3320,38, 95 ,11,
10304,S18_4668,34, 44 ,4,
10304,S24_1937,23, 29 ,16,
10304,S24_2022,44, 42 ,15,
10304,S24_4258,33, 81 ,10,
10304,S32_3522,36, 52 ,2,
10304,S700_2824,40, 81 ,1,
10305,S10_4962,38, 130 ,13,
10305,S12_4473,38, 108 ,5,
10305,S18_2238,27, 133 ,4,
10305,S18_2319,36, 118 ,8,
10305,S18_2432,41, 59 ,11,
10305,S18_3232,37, 161 ,9,
10305,S18_4600,22, 113 ,14,
10305,S24_1444,45, 49 ,2,
10305,S24_2300,24, 107 ,10,
10305,S24_2840,48, 31 ,6,
10305,S24_4048,36, 118 ,1,
10305,S32_1268,28, 94 ,12,
10305,S32_2509,40, 49 ,7,
10305,S50_1392,42, 110 ,3,
10306,S12_1108,31, 183 ,13,
10306,S12_3148,34, 145 ,14,
10306,S12_3891,20, 145 ,12,
10306,S18_3140,32, 115 ,9,
10306,S18_3259,40, 84 ,11,
10306,S18_4027,23, 126 ,16,
10306,S18_4522,39, 85 ,8,
10306,S24_2011,29, 109 ,7,
10306,S24_3151,31, 76 ,2,
10306,S32_3207,46, 60 ,17,
10306,S50_1514,34, 52 ,15,
10306,S700_1138,50, 61 ,3,
10306,S700_1938,38, 74 ,10,
10306,S700_2610,43, 62 ,1,
10306,S700_3505,32, 99 ,4,
10306,S700_3962,30, 87 ,5,
10306,S72_3212,35, 48 ,6,
10307,S10_4757,22, 118 ,9,
10307,S18_1662,39, 136 ,1,
10307,S18_3029,31, 71 ,7,
10307,S18_3856,48, 92 ,6,
10307,S24_2841,25, 58 ,2,
10307,S24_3420,22, 64 ,3,
10307,S24_3816,22, 75 ,8,
10307,S700_2047,34, 81 ,5,
10307,S72_1253,34, 44 ,4,
10308,S10_2016,34, 115 ,2,
10308,S10_4698,20, 188 ,1,
10308,S18_2581,27, 82 ,7,
10308,S18_2625,34, 48 ,3,
10308,S24_1785,31, 100 ,9,
10308,S24_2000,47, 69 ,4,
10308,S24_3949,43, 58 ,16,
10308,S24_4278,44, 72 ,8,
10308,S32_1374,24, 100 ,5,
10308,S32_4289,46, 61 ,10,
10308,S50_1341,47, 37 ,11,
10308,S700_1691,21, 73 ,12,
10308,S700_2466,35, 89 ,14,
10308,S700_2834,31, 101 ,6,
10308,S700_3167,21, 79 ,13,
10308,S700_4002,39, 63 ,15,
10309,S10_1678,41, 95 ,5,
10309,S12_2823,26, 145 ,4,
10309,S24_1578,21, 97 ,6,
10309,S24_2360,24, 60 ,2,
10309,S32_4485,50, 94 ,3,
10309,S50_4713,28, 74 ,1,
10310,S12_1099,33, 165 ,10,
10310,S12_3380,24, 106 ,8,
10310,S12_3990,49, 77 ,11,
10310,S12_4675,25, 101 ,7,
10310,S18_1129,37, 129 ,2,
10310,S18_1889,20, 67 ,6,
10310,S18_1984,24, 129 ,1,
10310,S18_3232,48, 159 ,3,
10310,S18_3278,27, 71 ,13,
10310,S18_3482,49, 122 ,12,
10310,S18_3782,42, 59 ,16,
10310,S18_4721,40, 134 ,15,
10310,S24_2972,33, 33 ,4,
10310,S24_3371,38, 50 ,9,
10310,S24_3856,45, 139 ,5,
10310,S24_4620,49, 75 ,14,
10310,S32_2206,36, 39 ,17,
10311,S18_1589,29, 124 ,9,
10311,S18_2870,43, 115 ,10,
10311,S18_3685,32, 134 ,11,
10311,S18_4409,41, 92 ,1,
10311,S18_4933,25, 67 ,2,
10311,S24_1046,26, 71 ,6,
10311,S24_1628,45, 49 ,8,
10311,S24_2766,28, 89 ,4,
10311,S24_2887,43, 116 ,3,
10311,S24_3191,25, 86 ,5,
10311,S24_3432,46, 91 ,7,
10312,S10_1949,48, 214 ,3,
10312,S18_1097,32, 102 ,2,
10312,S18_1342,43, 103 ,10,
10312,S18_1367,25, 44 ,9,
10312,S18_1749,48, 146 ,17,
10312,S18_2248,30, 48 ,16,
10312,S18_2325,31, 112 ,14,
10312,S18_2795,25, 150 ,11,
10312,S18_2949,37, 91 ,4,
10312,S18_2957,35, 54 ,6,
10312,S18_3136,38, 93 ,5,
10312,S18_3320,33, 84 ,8,
10312,S18_4668,39, 44 ,1,
10312,S24_1937,39, 28 ,13,
10312,S24_2022,23, 43 ,12,
10312,S24_3969,31, 40 ,15,
10312,S24_4258,44, 96 ,7,
10313,S10_4962,40, 142 ,7,
10313,S12_1666,21, 131 ,11,
10313,S18_2319,29, 109 ,2,
10313,S18_2432,34, 53 ,5,
10313,S18_3232,25, 144 ,3,
10313,S18_4600,28, 110 ,8,
10313,S24_2300,42, 102 ,4,
10313,S32_1268,27, 96 ,6,
10313,S32_2509,38, 49 ,1,
10313,S32_3522,34, 56 ,10,
10313,S700_2824,30, 96 ,9,
10314,S12_1108,38, 177 ,5,
10314,S12_3148,46, 125 ,6,
10314,S12_3891,36, 170 ,4,
10314,S12_4473,45, 96 ,14,
10314,S18_2238,42, 136 ,13,
10314,S18_3140,20, 130 ,1,
10314,S18_3259,23, 85 ,3,
10314,S18_4027,29, 129 ,8,
10314,S24_1444,44, 51 ,11,
10314,S24_2840,39, 32 ,15,
10314,S24_4048,38, 111 ,10,
10314,S32_3207,35, 58 ,9,
10314,S50_1392,28, 116 ,12,
10314,S50_1514,38, 50 ,7,
10314,S700_1938,23, 83 ,2,
10315,S18_4522,36, 78 ,7,
10315,S24_2011,35, 112 ,6,
10315,S24_3151,24, 79 ,1,
10315,S700_1138,41, 61 ,2,
10315,S700_3505,31, 99 ,3,
10315,S700_3962,37, 88 ,4,
10315,S72_3212,40, 51 ,5,
10316,S10_4757,33, 126 ,17,
10316,S18_1662,27, 140 ,9,
10316,S18_3029,21, 72 ,15,
10316,S18_3856,47, 90 ,14,
10316,S24_1785,25, 93 ,1,
10316,S24_2841,34, 67 ,10,
10316,S24_3420,47, 55 ,11,
10316,S24_3816,25, 77 ,16,
10316,S24_3949,30, 68 ,8,
10316,S32_4289,24, 59 ,2,
10316,S50_1341,34, 37 ,3,
10316,S700_1691,34, 75 ,4,
10316,S700_2047,45, 73 ,13,
10316,S700_2466,23, 86 ,6,
10316,S700_2610,48, 67 ,18,
10316,S700_3167,48, 78 ,5,
10316,S700_4002,44, 68 ,7,
10316,S72_1253,34, 44 ,12,
10317,S24_4278,35, 70 ,1,
10318,S10_1678,46, 84 ,1,
10318,S10_2016,45, 102 ,4,
10318,S10_4698,37, 190 ,3,
10318,S18_2581,31, 82 ,9,
10318,S18_2625,42, 50 ,5,
10318,S24_1578,48, 94 ,2,
10318,S24_2000,26, 61 ,6,
10318,S32_1374,47, 82 ,7,
10318,S700_2834,50, 102 ,8,
10319,S12_2823,30, 134 ,9,
10319,S18_3278,46, 77 ,1,
10319,S18_3782,44, 55 ,4,
10319,S18_4721,45, 121 ,3,
10319,S24_2360,31, 66 ,7,
10319,S24_4620,43, 78 ,2,
10319,S32_2206,29, 35 ,5,
10319,S32_4485,22, 97 ,8,
10319,S50_4713,45, 80 ,6,
10320,S12_1099,31, 185 ,3,
10320,S12_3380,35, 102 ,1,
10320,S12_3990,38, 64 ,4,
10320,S18_3482,25, 140 ,5,
10320,S24_3371,26, 61 ,2,
10321,S12_4675,24, 106 ,15,
10321,S18_1129,41, 123 ,10,
10321,S18_1589,44, 121 ,6,
10321,S18_1889,37, 74 ,14,
10321,S18_1984,25, 142 ,9,
10321,S18_2870,27, 127 ,7,
10321,S18_3232,33, 164 ,11,
10321,S18_3685,28, 138 ,8,
10321,S24_1046,30, 68 ,3,
10321,S24_1628,48, 43 ,5,
10321,S24_2766,30, 75 ,1,
10321,S24_2972,37, 32 ,12,
10321,S24_3191,39, 81 ,2,
10321,S24_3432,21, 104 ,4,
10321,S24_3856,26, 138 ,13,
10322,S10_1949,40, 180 ,1,
10322,S10_4962,46, 142 ,8,
10322,S12_1666,27, 137 ,9,
10322,S18_1097,22, 102 ,10,
10322,S18_1342,43, 92 ,14,
10322,S18_1367,41, 44 ,5,
10322,S18_2325,50, 121 ,6,
10322,S18_2432,35, 57 ,11,
10322,S18_2795,36, 159 ,2,
10322,S18_2949,33, 100 ,12,
10322,S18_2957,41, 54 ,13,
10322,S18_3136,48, 90 ,7,
10322,S24_1937,20, 27 ,3,
10322,S24_2022,30, 41 ,4,
10323,S18_3320,33, 88 ,2,
10323,S18_4600,47, 97 ,1,
10324,S12_3148,27, 148 ,1,
10324,S12_4473,26, 101 ,7,
10324,S18_2238,47, 142 ,8,
10324,S18_2319,33, 106 ,10,
10324,S18_3232,27, 137 ,12,
10324,S18_4027,49, 121 ,13,
10324,S18_4668,38, 50 ,6,
10324,S24_1444,25, 50 ,14,
10324,S24_2300,31, 107 ,2,
10324,S24_2840,30, 29 ,9,
10324,S24_4258,33, 95 ,3,
10324,S32_1268,20, 91 ,11,
10324,S32_3522,48, 61 ,4,
10324,S700_2824,34, 81 ,5,
10325,S10_4757,47, 112 ,6,
10325,S12_1108,42, 193 ,8,
10325,S12_3891,24, 166 ,1,
10325,S18_3140,24, 115 ,9,
10325,S24_4048,44, 115 ,5,
10325,S32_2509,38, 44 ,3,
10325,S32_3207,28, 55 ,2,
10325,S50_1392,38, 100 ,4,
10325,S50_1514,44, 56 ,7,
10326,S18_3259,32, 95 ,6,
10326,S18_4522,50, 74 ,5,
10326,S24_2011,41, 120 ,4,
10326,S24_3151,41, 87 ,3,
10326,S24_3816,20, 81 ,2,
10326,S700_1138,39, 61 ,1,
10327,S18_1662,25, 155 ,6,
10327,S18_2581,45, 74 ,8,
10327,S18_3029,25, 75 ,5,
10327,S700_1938,20, 80 ,7,
10327,S700_2610,21, 65 ,1,
10327,S700_3505,43, 85 ,2,
10327,S700_3962,37, 83 ,3,
10327,S72_3212,37, 48 ,4,
10328,S18_3856,34, 105 ,6,
10328,S24_1785,47, 88 ,14,
10328,S24_2841,48, 68 ,1,
10328,S24_3420,20, 57 ,2,
10328,S24_3949,35, 56 ,3,
10328,S24_4278,43, 70 ,4,
10328,S32_4289,24, 57 ,5,
10328,S50_1341,34, 42 ,7,
10328,S700_1691,27, 84 ,8,
10328,S700_2047,41, 75 ,9,
10328,S700_2466,37, 96 ,10,
10328,S700_2834,33, 117 ,11,
10328,S700_3167,33, 71 ,13,
10328,S700_4002,39, 70 ,12,
10329,S10_1678,42, 80 ,1,
10329,S10_2016,20, 109 ,2,
10329,S10_4698,26, 165 ,3,
10329,S12_1099,41, 183 ,5,
10329,S12_2823,24, 128 ,6,
10329,S12_3380,46, 117 ,13,
10329,S12_3990,33, 74 ,14,
10329,S12_4675,39, 102 ,15,
10329,S18_1889,29, 66 ,9,
10329,S18_2625,38, 56 ,12,
10329,S18_3278,38, 65 ,10,
10329,S24_1578,30, 105 ,7,
10329,S24_2000,37, 72 ,4,
10329,S32_1374,45, 81 ,11,
10329,S72_1253,44, 41 ,8,
10330,S18_3482,37, 137 ,3,
10330,S18_3782,29, 59 ,2,
10330,S18_4721,50, 134 ,4,
10330,S24_2360,42, 56 ,1,
10331,S18_1129,46, 120 ,6,
10331,S18_1589,44, 100 ,14,
10331,S18_1749,44, 155 ,7,
10331,S18_1984,30, 135 ,8,
10331,S18_2870,26, 131 ,10,
10331,S18_3232,27, 169 ,11,
10331,S18_3685,26, 133 ,12,
10331,S24_2972,27, 37 ,13,
10331,S24_3371,25, 55 ,9,
10331,S24_3856,21, 139 ,1,
10331,S24_4620,41, 70 ,2,
10331,S32_2206,28, 33 ,3,
10331,S32_4485,32, 100 ,4,
10331,S50_4713,20, 74 ,5,
10332,S18_1342,46, 89 ,15,
10332,S18_1367,27, 51 ,16,
10332,S18_2248,38, 54 ,9,
10332,S18_2325,35, 117 ,8,
10332,S18_2795,24, 138 ,1,
10332,S18_2957,26, 53 ,17,
10332,S18_3136,40, 101 ,18,
10332,S18_4409,50, 92 ,2,
10332,S18_4933,21, 71 ,3,
10332,S24_1046,23, 62 ,4,
10332,S24_1628,20, 47 ,5,
10332,S24_1937,45, 30 ,6,
10332,S24_2022,26, 43 ,10,
10332,S24_2766,39, 85 ,7,
10332,S24_2887,44, 108 ,11,
10332,S24_3191,45, 78 ,12,
10332,S24_3432,31, 94 ,13,
10332,S24_3969,41, 34 ,14,
10333,S10_1949,26, 189 ,3,
10333,S12_1666,33, 122 ,6,
10333,S18_1097,29, 111 ,7,
10333,S18_2949,31, 95 ,5,
10333,S18_3320,46, 95 ,2,
10333,S18_4668,24, 42 ,8,
10333,S24_4258,39, 95 ,1,
10333,S32_3522,33, 62 ,4,
10334,S10_4962,26, 130 ,2,
10334,S18_2319,46, 108 ,6,
10334,S18_2432,34, 53 ,1,
10334,S18_3232,20, 147 ,3,
10334,S18_4600,49, 102 ,4,
10334,S24_2300,42, 118 ,5,
10335,S24_2840,33, 33 ,2,
10335,S32_1268,44, 77 ,1,
10335,S32_2509,40, 50 ,3,
10336,S12_1108,33, 177 ,10,
10336,S12_3148,33, 127 ,11,
10336,S12_3891,49, 142 ,1,
10336,S12_4473,38, 96 ,3,
10336,S18_2238,49, 154 ,6,
10336,S18_3140,48, 135 ,12,
10336,S18_3259,21, 101 ,7,
10336,S24_1444,45, 50 ,4,
10336,S24_4048,31, 114 ,5,
10336,S32_3207,31, 59 ,9,
10336,S50_1392,23, 110 ,8,
10336,S700_2824,46, 94 ,2,
10337,S10_4757,25, 132 ,8,
10337,S18_4027,36, 141 ,3,
10337,S18_4522,29, 76 ,2,
10337,S24_2011,29, 119 ,4,
10337,S50_1514,21, 54 ,6,
10337,S700_1938,36, 74 ,9,
10337,S700_3505,31, 84 ,1,
10337,S700_3962,36, 83 ,7,
10337,S72_3212,42, 49 ,5,
10338,S18_1662,41, 137 ,1,
10338,S18_3029,28, 81 ,3,
10338,S18_3856,45, 93 ,2,
10339,S10_2016,40, 118 ,4,
10339,S10_4698,39, 178 ,3,
10339,S18_2581,27, 79 ,2,
10339,S18_2625,30, 48 ,1,
10339,S24_1578,27, 97 ,10,
10339,S24_1785,21, 106 ,7,
10339,S24_2841,55, 68 ,12,
10339,S24_3151,55, 73 ,13,
10339,S24_3420,29, 58 ,14,
10339,S24_3816,42, 73 ,16,
10339,S24_3949,45, 57 ,11,
10339,S700_1138,22, 53 ,5,
10339,S700_2047,55, 87 ,15,
10339,S700_2610,50, 62 ,9,
10339,S700_4002,50, 67 ,8,
10339,S72_1253,27, 50 ,6,
10340,S24_2000,55, 62 ,8,
10340,S24_4278,40, 64 ,1,
10340,S32_1374,55, 96 ,2,
10340,S32_4289,39, 67 ,3,
10340,S50_1341,40, 37 ,4,
10340,S700_1691,30, 74 ,5,
10340,S700_2466,55, 82 ,7,
10340,S700_2834,29, 98 ,6,
10341,S10_1678,41, 84 ,9,
10341,S12_1099,45, 193 ,2,
10341,S12_2823,55, 121 ,8,
10341,S12_3380,44, 112 ,1,
10341,S12_3990,36, 77 ,10,
10341,S12_4675,55, 109 ,7,
10341,S24_2360,32, 63 ,6,
10341,S32_4485,31, 96 ,4,
10341,S50_4713,38, 78 ,3,
10341,S700_3167,34, 70 ,5,
10342,S18_1129,40, 119 ,2,
10342,S18_1889,55, 63 ,1,
10342,S18_1984,22, 115 ,3,
10342,S18_3232,30, 168 ,4,
10342,S18_3278,25, 76 ,5,
10342,S18_3482,55, 137 ,7,
10342,S18_3782,26, 58 ,8,
10342,S18_4721,38, 125 ,11,
10342,S24_2972,39, 31 ,9,
10342,S24_3371,48, 60 ,10,
10342,S24_3856,42, 112 ,6,
10343,S18_1589,36, 110 ,4,
10343,S18_2870,25, 119 ,3,
10343,S18_3685,44, 127 ,2,
10343,S24_1628,27, 45 ,6,
10343,S24_4620,30, 77 ,1,
10343,S32_2206,29, 37 ,5,
10344,S18_1749,45, 168 ,1,
10344,S18_2248,40, 49 ,2,
10344,S18_2325,30, 118 ,3,
10344,S18_4409,21, 81 ,4,
10344,S18_4933,26, 68 ,5,
10344,S24_1046,29, 61 ,7,
10344,S24_1937,20, 28 ,6,
10345,S24_2022,43, 39 ,1,
10346,S18_1342,42, 88 ,3,
10346,S24_2766,25, 87 ,1,
10346,S24_2887,24, 117 ,5,
10346,S24_3191,24, 80 ,2,
10346,S24_3432,26, 104 ,6,
10346,S24_3969,22, 39 ,4,
10347,S10_1949,30, 189 ,1,
10347,S10_4962,27, 133 ,2,
10347,S12_1666,29, 133 ,3,
10347,S18_1097,42, 113 ,5,
10347,S18_1367,21, 46 ,7,
10347,S18_2432,50, 51 ,8,
10347,S18_2795,21, 137 ,6,
10347,S18_2949,48, 84 ,9,
10347,S18_2957,34, 61 ,10,
10347,S18_3136,45, 95 ,11,
10347,S18_3320,26, 84 ,12,
10347,S18_4600,45, 115 ,4,
10348,S12_1108,48, 208 ,8,
10348,S12_3148,47, 122 ,4,
10348,S18_4668,29, 44 ,6,
10348,S24_2300,37, 107 ,1,
10348,S24_4258,39, 83 ,2,
10348,S32_1268,42, 91 ,3,
10348,S32_3522,31, 63 ,5,
10348,S700_2824,32, 100 ,7,
10349,S12_3891,26, 166 ,10,
10349,S12_4473,48, 115 ,9,
10349,S18_2238,38, 142 ,8,
10349,S18_2319,38, 118 ,7,
10349,S18_3232,48, 164 ,6,
10349,S18_4027,34, 141 ,5,
10349,S24_1444,48, 50 ,4,
10349,S24_2840,36, 31 ,3,
10349,S24_4048,23, 111 ,2,
10349,S32_2509,33, 44 ,1,
10350,S10_4757,26, 110 ,5,
10350,S18_3029,43, 84 ,6,
10350,S18_3140,44, 135 ,1,
10350,S18_3259,41, 95 ,2,
10350,S18_4522,30, 70 ,3,
10350,S24_2011,34, 98 ,7,
10350,S24_3151,30, 87 ,9,
10350,S24_3816,25, 77 ,10,
10350,S32_3207,27, 62 ,14,
10350,S50_1392,31, 104 ,8,
10350,S50_1514,44, 57 ,17,
10350,S700_1138,46, 56 ,11,
10350,S700_1938,28, 76 ,4,
10350,S700_2610,29, 69 ,12,
10350,S700_3505,31, 87 ,13,
10350,S700_3962,25, 97 ,16,
10350,S72_3212,20, 48 ,15,
10351,S18_1662,39, 144 ,1,
10351,S18_3856,20, 105 ,2,
10351,S24_2841,25, 64 ,5,
10351,S24_3420,38, 54 ,4,
10351,S24_3949,34, 68 ,3,
10352,S700_2047,23, 75 ,3,
10352,S700_2466,49, 88 ,2,
10352,S700_4002,22, 62 ,1,
10352,S72_1253,49, 46 ,4,
10353,S18_2581,27, 72 ,1,
10353,S24_1785,28, 107 ,2,
10353,S24_4278,35, 70 ,3,
10353,S32_1374,46, 87 ,5,
10353,S32_4289,40, 68 ,7,
10353,S50_1341,40, 36 ,8,
10353,S700_1691,39, 73 ,9,
10353,S700_2834,48, 98 ,4,
10353,S700_3167,43, 74 ,6,
10354,S10_1678,42, 84 ,6,
10354,S10_2016,20, 95 ,2,
10354,S10_4698,42, 178 ,3,
10354,S12_1099,31, 158 ,9,
10354,S12_2823,35, 142 ,4,
10354,S12_3380,29, 99 ,11,
10354,S12_3990,23, 77 ,12,
10354,S12_4675,28, 100 ,13,
10354,S18_1889,21, 76 ,8,
10354,S18_2625,28, 49 ,10,
10354,S18_3278,36, 69 ,7,
10354,S24_1578,21, 97 ,5,
10354,S24_2000,28, 62 ,1,
10355,S18_3482,23, 118 ,7,
10355,S18_3782,31, 60 ,1,
10355,S18_4721,25, 125 ,2,
10355,S24_2360,41, 56 ,3,
10355,S24_2972,36, 37 ,4,
10355,S24_3371,44, 61 ,6,
10355,S24_3856,32, 138 ,8,
10355,S24_4620,28, 75 ,9,
10355,S32_2206,38, 33 ,10,
10355,S32_4485,40, 94 ,5,
10356,S18_1129,43, 120 ,8,
10356,S18_1342,50, 82 ,9,
10356,S18_1367,22, 45 ,6,
10356,S18_1984,27, 131 ,2,
10356,S18_2325,29, 107 ,3,
10356,S18_2795,30, 159 ,1,
10356,S24_1937,48, 32 ,5,
10356,S24_2022,26, 42 ,7,
10356,S50_4713,26, 78 ,4,
10357,S10_1949,32, 199 ,10,
10357,S10_4962,43, 136 ,9,
10357,S12_1666,49, 109 ,8,
10357,S18_1097,39, 112 ,1,
10357,S18_2432,41, 59 ,7,
10357,S18_2949,41, 91 ,6,
10357,S18_2957,49, 59 ,5,
10357,S18_3136,44, 105 ,4,
10357,S18_3320,25, 84 ,3,
10357,S18_4600,28, 105 ,2,
10358,S12_3148,49, 130 ,5,
10358,S12_4473,42, 98 ,9,
10358,S18_2238,20, 142 ,10,
10358,S18_2319,20, 99 ,11,
10358,S18_3232,32, 137 ,12,
10358,S18_4027,25, 118 ,13,
10358,S18_4668,30, 46 ,8,
10358,S24_1444,44, 56 ,14,
10358,S24_2300,41, 128 ,7,
10358,S24_2840,36, 34 ,4,
10358,S24_4258,41, 89 ,6,
10358,S32_1268,41, 83 ,1,
10358,S32_3522,36, 52 ,2,
10358,S700_2824,27, 86 ,3,
10359,S10_4757,48, 122 ,6,
10359,S12_1108,42, 181 ,8,
10359,S12_3891,49, 163 ,5,
10359,S24_4048,22, 109 ,7,
10359,S32_2509,36, 45 ,3,
10359,S32_3207,22, 62 ,1,
10359,S50_1392,46, 100 ,2,
10359,S50_1514,25, 47 ,4,
10360,S18_1662,50, 126 ,12,
10360,S18_2581,41, 68 ,13,
10360,S18_3029,46, 71 ,14,
10360,S18_3140,29, 123 ,8,
10360,S18_3259,29, 95 ,18,
10360,S18_3856,40, 102 ,15,
10360,S18_4522,40, 76 ,1,
10360,S24_1785,22, 106 ,17,
10360,S24_2011,31, 101 ,2,
10360,S24_2841,49, 55 ,16,
10360,S24_3151,36, 71 ,3,
10360,S24_3816,22, 79 ,4,
10360,S700_1138,32, 65 ,5,
10360,S700_1938,26, 87 ,6,
10360,S700_2610,30, 70 ,7,
10360,S700_3505,35, 83 ,9,
10360,S700_3962,31, 92 ,10,
10360,S72_3212,31, 54 ,11,
10361,S10_1678,20, 93 ,13,
10361,S10_2016,26, 114 ,8,
10361,S24_3420,34, 62 ,6,
10361,S24_3949,26, 61 ,7,
10361,S24_4278,25, 69 ,1,
10361,S32_4289,49, 56 ,2,
10361,S50_1341,33, 36 ,3,
10361,S700_1691,20, 89 ,4,
10361,S700_2047,24, 86 ,14,
10361,S700_2466,26, 92 ,9,
10361,S700_2834,44, 108 ,5,
10361,S700_3167,44, 77 ,10,
10361,S700_4002,35, 62 ,11,
10361,S72_1253,23, 48 ,12,
10362,S10_4698,22, 182 ,4,
10362,S12_2823,22, 131 ,1,
10362,S18_2625,23, 54 ,3,
10362,S24_1578,50, 91 ,2,
10363,S12_1099,33, 181 ,3,
10363,S12_3380,34, 107 ,4,
10363,S12_3990,34, 69 ,5,
10363,S12_4675,46, 104 ,6,
10363,S18_1889,22, 62 ,7,
10363,S18_3278,46, 69 ,10,
10363,S18_3482,24, 125 ,11,
10363,S18_3782,32, 52 ,12,
10363,S18_4721,28, 124 ,13,
10363,S24_2000,21, 70 ,8,
10363,S24_2360,43, 56 ,14,
10363,S24_3371,21, 52 ,15,
10363,S24_3856,31, 114 ,1,
10363,S24_4620,43, 76 ,9,
10363,S32_1374,50, 93 ,2,
10364,S32_2206,48, 38 ,1,
10365,S18_1129,30, 116 ,1,
10365,S32_4485,22, 83 ,3,
10365,S50_4713,44, 68 ,2,
10366,S18_1984,34, 117 ,3,
10366,S18_2870,49, 106 ,2,
10366,S18_3232,34, 154 ,1,
10367,S18_1589,49, 106 ,1,
10367,S18_1749,37, 145 ,3,
10367,S18_2248,45, 50 ,4,
10367,S18_2325,27, 125 ,5,
10367,S18_2795,32, 140 ,7,
10367,S18_3685,46, 131 ,6,
10367,S18_4409,43, 77 ,8,
10367,S18_4933,44, 67 ,9,
10367,S24_1046,21, 73 ,10,
10367,S24_1628,38, 50 ,11,
10367,S24_1937,23, 30 ,13,
10367,S24_2022,28, 43 ,12,
10367,S24_2972,36, 36 ,2,
10368,S24_2766,40, 74 ,2,
10368,S24_2887,31, 115 ,5,
10368,S24_3191,46, 83 ,1,
10368,S24_3432,20, 93 ,4,
10368,S24_3969,46, 37 ,3,
10369,S10_1949,41, 195 ,2,
10369,S18_1342,44, 89 ,8,
10369,S18_1367,32, 46 ,7,
10369,S18_2949,42, 100 ,1,
10369,S18_2957,28, 52 ,6,
10369,S18_3136,21, 90 ,5,
10369,S18_3320,45, 80 ,4,
10369,S24_4258,40, 93 ,3,
10370,S10_4962,35, 129 ,4,
10370,S12_1666,49, 128 ,8,
10370,S18_1097,27, 100 ,1,
10370,S18_2319,22, 102 ,5,
10370,S18_2432,22, 60 ,7,
10370,S18_3232,27, 168 ,9,
10370,S18_4600,29, 105 ,6,
10370,S18_4668,20, 42 ,2,
10370,S32_3522,25, 64 ,3,
10371,S12_1108,32, 179 ,6,
10371,S12_4473,49, 104 ,4,
10371,S18_2238,25, 160 ,7,
10371,S24_1444,25, 54 ,12,
10371,S24_2300,20, 127 ,5,
10371,S24_2840,45, 35 ,8,
10371,S24_4048,28, 96 ,9,
10371,S32_1268,26, 83 ,1,
10371,S32_2509,20, 44 ,2,
10371,S32_3207,30, 53 ,11,
10371,S50_1392,48, 97 ,10,
10371,S700_2824,34, 84 ,3,
10372,S12_3148,40, 147 ,4,
10372,S12_3891,34, 140 ,1,
10372,S18_3140,28, 131 ,3,
10372,S18_3259,25, 92 ,5,
10372,S18_4027,48, 119 ,6,
10372,S18_4522,41, 79 ,7,
10372,S24_2011,37, 102 ,8,
10372,S50_1514,24, 57 ,9,
10372,S700_1938,44, 74 ,2,
10373,S10_4757,39, 118 ,3,
10373,S18_1662,28, 144 ,4,
10373,S18_3029,22, 76 ,5,
10373,S18_3856,50, 100 ,6,
10373,S24_2841,38, 59 ,7,
10373,S24_3151,33, 82 ,12,
10373,S24_3420,46, 54 ,11,
10373,S24_3816,23, 84 ,10,
10373,S24_3949,39, 62 ,13,
10373,S700_1138,44, 58 ,14,
10373,S700_2047,32, 77 ,15,
10373,S700_2610,41, 69 ,16,
10373,S700_3505,34, 94 ,2,
10373,S700_3962,37, 83 ,8,
10373,S700_4002,45, 68 ,17,
10373,S72_1253,25, 44 ,9,
10373,S72_3212,29, 48 ,1,
10374,S10_2016,39, 115 ,5,
10374,S10_4698,22, 159 ,1,
10374,S18_2581,42, 75 ,2,
10374,S18_2625,22, 48 ,4,
10374,S24_1578,38, 113 ,6,
10374,S24_1785,46, 107 ,3,
10375,S10_1678,21, 77 ,12,
10375,S12_1099,45, 185 ,7,
10375,S12_2823,49, 151 ,13,
10375,S24_2000,23, 67 ,9,
10375,S24_2360,20, 60 ,14,
10375,S24_4278,43, 60 ,2,
10375,S32_1374,37, 88 ,3,
10375,S32_4289,44, 60 ,4,
10375,S32_4485,41, 97 ,15,
10375,S50_1341,49, 36 ,5,
10375,S50_4713,49, 69 ,8,
10375,S700_1691,37, 87 ,6,
10375,S700_2466,33, 95 ,1,
10375,S700_2834,25, 98 ,10,
10375,S700_3167,44, 70 ,11,
10376,S12_3380,35, 99 ,1,
10377,S12_3990,24, 65 ,5,
10377,S12_4675,50, 113 ,1,
10377,S18_1129,35, 125 ,2,
10377,S18_1889,31, 62 ,4,
10377,S18_1984,36, 125 ,6,
10377,S18_3232,39, 144 ,3,
10378,S18_1589,34, 122 ,5,
10378,S18_3278,22, 67 ,4,
10378,S18_3482,43, 147 ,10,
10378,S18_3782,28, 60 ,9,
10378,S18_4721,49, 122 ,8,
10378,S24_2972,41, 31 ,7,
10378,S24_3371,46, 53 ,6,
10378,S24_3856,33, 129 ,3,
10378,S24_4620,41, 81 ,2,
10378,S32_2206,40, 36 ,1,
10379,S18_1749,39, 156 ,2,
10379,S18_2248,27, 51 ,1,
10379,S18_2870,29, 114 ,5,
10379,S18_3685,32, 134 ,4,
10379,S24_1628,32, 49 ,3,
10380,S18_1342,27, 88 ,13,
10380,S18_2325,40, 120 ,10,
10380,S18_2795,21, 157 ,8,
10380,S18_4409,32, 78 ,1,
10380,S18_4933,24, 67 ,2,
10380,S24_1046,34, 67 ,3,
10380,S24_1937,32, 30 ,4,
10380,S24_2022,27, 38 ,5,
10380,S24_2766,36, 77 ,6,
10380,S24_2887,44, 112 ,7,
10380,S24_3191,44, 77 ,9,
10380,S24_3432,34, 91 ,11,
10380,S24_3969,43, 33 ,12,
10381,S10_1949,36, 182 ,3,
10381,S10_4962,37, 139 ,6,
10381,S12_1666,20, 133 ,1,
10381,S18_1097,48, 114 ,2,
10381,S18_1367,25, 50 ,9,
10381,S18_2432,35, 61 ,7,
10381,S18_2949,41, 100 ,8,
10381,S18_2957,40, 51 ,4,
10381,S18_3136,35, 93 ,5,
10382,S12_1108,34, 166 ,10,
10382,S12_3148,37, 145 ,11,
10382,S12_3891,34, 144 ,12,
10382,S12_4473,32, 103 ,13,
10382,S18_2238,25, 160 ,5,
10382,S18_3320,50, 84 ,7,
10382,S18_4600,39, 115 ,1,
10382,S18_4668,39, 46 ,2,
10382,S24_2300,20, 120 ,3,
10382,S24_4258,33, 97 ,4,
10382,S32_1268,26, 86 ,6,
10382,S32_3522,48, 58 ,8,
10382,S700_2824,34, 101 ,9,
10383,S18_2319,27, 119 ,11,
10383,S18_3140,24, 126 ,9,
10383,S18_3232,47, 156 ,6,
10383,S18_3259,26, 84 ,12,
10383,S18_4027,38, 138 ,1,
10383,S18_4522,28, 77 ,7,
10383,S24_1444,22, 53 ,2,
10383,S24_2840,40, 33 ,3,
10383,S24_4048,21, 117 ,4,
10383,S32_2509,32, 54 ,5,
10383,S32_3207,44, 56 ,8,
10383,S50_1392,29, 95 ,13,
10383,S50_1514,38, 49 ,10,
10384,S10_4757,34, 129 ,4,
10384,S24_2011,28, 114 ,3,
10384,S24_3151,43, 72 ,2,
10384,S700_1938,49, 71 ,1,
10385,S24_3816,37, 79 ,2,
10385,S700_1138,25, 62 ,1,
10386,S18_1662,25, 131 ,7,
10386,S18_2581,21, 73 ,18,
10386,S18_3029,37, 73 ,5,
10386,S18_3856,22, 101 ,6,
10386,S24_1785,33, 102 ,11,
10386,S24_2841,39, 57 ,1,
10386,S24_3420,35, 55 ,9,
10386,S24_3949,41, 56 ,12,
10386,S24_4278,50, 72 ,8,
10386,S700_2047,29, 85 ,13,
10386,S700_2466,37, 91 ,14,
10386,S700_2610,37, 67 ,10,
10386,S700_3167,32, 68 ,17,
10386,S700_3505,45, 83 ,2,
10386,S700_3962,30, 80 ,3,
10386,S700_4002,44, 59 ,15,
10386,S72_1253,50, 48 ,16,
10386,S72_3212,43, 52 ,4,
10387,S32_1374,44, 80 ,1,
10388,S10_1678,42, 80 ,4,
10388,S10_2016,50, 119 ,5,
10388,S10_4698,21, 157 ,7,
10388,S12_2823,44, 125 ,6,
10388,S32_4289,35, 58 ,8,
10388,S50_1341,27, 41 ,1,
10388,S700_1691,46, 75 ,2,
10388,S700_2834,50, 112 ,3,
10389,S12_1099,26, 183 ,4,
10389,S12_3380,25, 95 ,6,
10389,S12_3990,36, 77 ,7,
10389,S12_4675,47, 102 ,8,
10389,S18_1889,49, 64 ,3,
10389,S18_2625,39, 52 ,5,
10389,S24_1578,45, 113 ,1,
10389,S24_2000,49, 62 ,2,
10390,S18_1129,36, 117 ,14,
10390,S18_1984,34, 132 ,15,
10390,S18_2325,31, 103 ,16,
10390,S18_2795,26, 162 ,7,
10390,S18_3278,40, 76 ,9,
10390,S18_3482,50, 135 ,1,
10390,S18_3782,36, 54 ,2,
10390,S18_4721,49, 122 ,3,
10390,S24_2360,35, 68 ,4,
10390,S24_2972,37, 36 ,5,
10390,S24_3371,46, 51 ,6,
10390,S24_3856,45, 135 ,8,
10390,S24_4620,30, 66 ,10,
10390,S32_2206,41, 39 ,11,
10390,S32_4485,45, 101 ,12,
10390,S50_4713,22, 81 ,13,
10391,S10_1949,24, 195 ,4,
10391,S10_4962,37, 121 ,7,
10391,S12_1666,39, 111 ,9,
10391,S18_1097,29, 114 ,10,
10391,S18_1342,35, 103 ,2,
10391,S18_1367,42, 47 ,3,
10391,S18_2432,44, 58 ,5,
10391,S18_2949,32, 99 ,6,
10391,S24_1937,33, 27 ,8,
10391,S24_2022,24, 36 ,1,
10392,S18_2957,37, 61 ,3,
10392,S18_3136,29, 104 ,2,
10392,S18_3320,36, 98 ,1,
10393,S12_3148,35, 145 ,8,
10393,S12_4473,32, 100 ,10,
10393,S18_2238,20, 138 ,11,
10393,S18_2319,38, 104 ,7,
10393,S18_4600,30, 107 ,9,
10393,S18_4668,44, 42 ,1,
10393,S24_2300,33, 112 ,2,
10393,S24_4258,33, 89 ,3,
10393,S32_1268,38, 85 ,4,
10393,S32_3522,31, 63 ,5,
10393,S700_2824,21, 84 ,6,
10394,S18_3232,22, 135 ,5,
10394,S18_4027,37, 125 ,1,
10394,S24_1444,31, 53 ,2,
10394,S24_2840,46, 35 ,6,
10394,S24_4048,37, 104 ,7,
10394,S32_2509,36, 47 ,3,
10394,S32_3207,30, 56 ,4,
10395,S10_4757,32, 125 ,2,
10395,S12_1108,33, 206 ,1,
10395,S50_1392,46, 98 ,4,
10395,S50_1514,45, 58 ,3,
10396,S12_3891,33, 156 ,3,
10396,S18_3140,33, 130 ,2,
10396,S18_3259,24, 92 ,4,
10396,S18_4522,45, 83 ,5,
10396,S24_2011,49, 101 ,6,
10396,S24_3151,27, 77 ,7,
10396,S24_3816,37, 78 ,8,
10396,S700_1138,39, 62 ,1,
10397,S700_1938,32, 69 ,5,
10397,S700_2610,22, 63 ,4,
10397,S700_3505,48, 86 ,3,
10397,S700_3962,36, 80 ,2,
10397,S72_3212,34, 53 ,1,
10398,S18_1662,33, 131 ,11,
10398,S18_2581,34, 83 ,15,
10398,S18_3029,28, 71 ,18,
10398,S18_3856,45, 92 ,17,
10398,S24_1785,43, 101 ,16,
10398,S24_2841,28, 60 ,3,
10398,S24_3420,34, 61 ,13,
10398,S24_3949,41, 57 ,2,
10398,S24_4278,45, 66 ,14,
10398,S32_4289,22, 61 ,4,
10398,S50_1341,49, 39 ,5,
10398,S700_1691,47, 79 ,6,
10398,S700_2047,36, 75 ,7,
10398,S700_2466,22, 99 ,8,
10398,S700_2834,23, 102 ,9,
10398,S700_3167,29, 77 ,10,
10398,S700_4002,36, 62 ,12,
10398,S72_1253,34, 41 ,1,
10399,S10_1678,40, 78 ,8,
10399,S10_2016,51, 100 ,7,
10399,S10_4698,22, 157 ,6,
10399,S12_2823,29, 124 ,5,
10399,S18_2625,30, 51 ,4,
10399,S24_1578,57, 105 ,3,
10399,S24_2000,58, 75 ,2,
10399,S32_1374,32, 98 ,1,
10400,S10_4757,64, 135 ,9,
10400,S18_1662,34, 129 ,1,
10400,S18_3029,30, 75 ,7,
10400,S18_3856,58, 89 ,6,
10400,S24_2841,24, 55 ,2,
10400,S24_3420,38, 59 ,3,
10400,S24_3816,42, 75 ,8,
10400,S700_2047,46, 82 ,5,
10400,S72_1253,20, 42 ,4,
10401,S18_2581,42, 75 ,3,
10401,S24_1785,38, 88 ,5,
10401,S24_3949,64, 59 ,12,
10401,S24_4278,52, 66 ,4,
10401,S32_1374,49, 82 ,1,
10401,S32_4289,62, 63 ,6,
10401,S50_1341,56, 41 ,7,
10401,S700_1691,11, 78 ,8,
10401,S700_2466,85, 99 ,10,
10401,S700_2834,21, 96 ,2,
10401,S700_3167,77, 74 ,9,
10401,S700_4002,40, 67 ,11,
10402,S10_2016,45, 119 ,1,
10402,S18_2625,55, 58 ,2,
10402,S24_2000,59, 62 ,3,
10403,S10_1678,24, 85 ,7,
10403,S10_4698,66, 174 ,9,
10403,S12_2823,66, 122 ,6,
10403,S18_3782,36, 55 ,1,
10403,S24_1578,46, 109 ,8,
10403,S24_2360,27, 57 ,4,
10403,S32_2206,30, 36 ,2,
10403,S32_4485,45, 89 ,5,
10403,S50_4713,31, 65 ,3,
10404,S12_1099,64, 163 ,3,
10404,S12_3380,43, 102 ,1,
10404,S12_3990,77, 67 ,4,
10404,S18_3278,90, 68 ,6,
10404,S18_3482,28, 128 ,5,
10404,S18_4721,48, 125 ,8,
10404,S24_3371,49, 53 ,2,
10404,S24_4620,48, 65 ,7,
10405,S12_4675,97, 115 ,5,
10405,S18_1889,61, 72 ,4,
10405,S18_3232,55, 147 ,1,
10405,S24_2972,47, 37 ,2,
10405,S24_3856,76, 128 ,3,
10406,S18_1129,61, 125 ,3,
10406,S18_1984,48, 134 ,2,
10406,S18_3685,65, 117 ,1,
10407,S18_1589,59, 114 ,11,
10407,S18_1749,76, 141 ,2,
10407,S18_2248,42, 58 ,1,
10407,S18_2870,41, 132 ,12,
10407,S18_4409,6, 91 ,3,
10407,S18_4933,66, 64 ,4,
10407,S24_1046,26, 68 ,8,
10407,S24_1628,64, 46 ,10,
10407,S24_2766,76, 82 ,6,
10407,S24_2887,59, 99 ,5,
10407,S24_3191,13, 77 ,7,
10407,S24_3432,43, 102 ,9,
10408,S24_3969,15, 41 ,1,
10409,S18_2325,6, 104 ,2,
10409,S24_1937,61, 28 ,1,
10410,S18_1342,65, 100 ,7,
10410,S18_1367,44, 51 ,6,
10410,S18_2795,56, 145 ,8,
10410,S18_2949,47, 93 ,1,
10410,S18_2957,53, 50 ,3,
10410,S18_3136,34, 85 ,2,
10410,S18_3320,44, 81 ,5,
10410,S24_2022,31, 43 ,9,
10410,S24_4258,50, 95 ,4,
10411,S10_1949,23, 206 ,9,
10411,S10_4962,27, 145 ,2,
10411,S12_1666,40, 111 ,6,
10411,S18_1097,27, 110 ,8,
10411,S18_4600,46, 107 ,3,
10411,S18_4668,35, 41 ,7,
10411,S32_1268,26, 78 ,1,
10411,S32_3522,27, 61 ,5,
10411,S700_2824,34, 89 ,4,
10412,S12_4473,54, 101 ,5,
10412,S18_2238,41, 151 ,4,
10412,S18_2319,56, 120 ,8,
10412,S18_2432,47, 50 ,11,
10412,S18_3232,60, 157 ,9,
10412,S24_1444,21, 47 ,2,
10412,S24_2300,70, 110 ,10,
10412,S24_2840,30, 33 ,6,
10412,S24_4048,31, 109 ,1,
10412,S32_2509,19, 51 ,7,
10412,S50_1392,26, 105 ,3,
10413,S12_1108,36, 202 ,2,
10413,S12_3148,47, 145 ,3,
10413,S12_3891,22, 173 ,1,
10413,S18_4027,49, 134 ,5,
10413,S32_3207,24, 57 ,6,
10413,S50_1514,51, 53 ,4,
10414,S10_4757,49, 114 ,3,
10414,S18_3029,44, 77 ,1,
10414,S18_3140,41, 128 ,12,
10414,S18_3259,48, 86 ,14,
10414,S18_4522,56, 83 ,11,
10414,S24_2011,43, 108 ,10,
10414,S24_3151,60, 73 ,5,
10414,S24_3816,51, 73 ,2,
10414,S700_1138,37, 62 ,6,
10414,S700_1938,34, 74 ,13,
10414,S700_2610,31, 61 ,4,
10414,S700_3505,28, 84 ,7,
10414,S700_3962,40, 84 ,8,
10414,S72_3212,47, 55 ,9,
10415,S18_3856,51, 87 ,5,
10415,S24_2841,21, 61 ,1,
10415,S24_3420,18, 60 ,2,
10415,S700_2047,32, 73 ,4,
10415,S72_1253,42, 43 ,3,
10416,S18_1662,24, 129 ,14,
10416,S18_2581,15, 71 ,4,
10416,S24_1785,47, 91 ,6,
10416,S24_2000,32, 62 ,1,
10416,S24_3949,18, 65 ,13,
10416,S24_4278,48, 70 ,5,
10416,S32_1374,45, 87 ,2,
10416,S32_4289,26, 68 ,7,
10416,S50_1341,37, 40 ,8,
10416,S700_1691,23, 89 ,9,
10416,S700_2466,22, 85 ,11,
10416,S700_2834,41, 98 ,3,
10416,S700_3167,39, 66 ,10,
10416,S700_4002,43, 64 ,12,
10417,S10_1678,66, 79 ,2,
10417,S10_2016,45, 117 ,5,
10417,S10_4698,56, 163 ,4,
10417,S12_2823,21, 145 ,1,
10417,S18_2625,36, 59 ,6,
10417,S24_1578,35, 109 ,3,
10418,S18_3278,16, 71 ,2,
10418,S18_3482,27, 140 ,1,
10418,S18_3782,33, 57 ,5,
10418,S18_4721,28, 121 ,4,
10418,S24_2360,52, 64 ,8,
10418,S24_4620,10, 66 ,3,
10418,S32_2206,43, 37 ,6,
10418,S32_4485,50, 100 ,9,
10418,S50_4713,40, 72 ,7,
10419,S12_1099,12, 183 ,13,
10419,S12_3380,10, 112 ,11,
10419,S12_3990,34, 65 ,14,
10419,S12_4675,32, 99 ,10,
10419,S18_1129,38, 117 ,5,
10419,S18_1589,37, 101 ,1,
10419,S18_1889,39, 68 ,9,
10419,S18_1984,34, 134 ,4,
10419,S18_2870,55, 116 ,2,
10419,S18_3232,35, 166 ,6,
10419,S18_3685,43, 114 ,3,
10419,S24_2972,15, 32 ,7,
10419,S24_3371,55, 53 ,12,
10419,S24_3856,70, 112 ,8,
10420,S18_1749,37, 153 ,5,
10420,S18_2248,36, 52 ,4,
10420,S18_2325,45, 117 ,2,
10420,S18_4409,66, 74 ,6,
10420,S18_4933,36, 68 ,7,
10420,S24_1046,60, 60 ,11,
10420,S24_1628,37, 49 ,13,
10420,S24_1937,45, 32 ,1,
10420,S24_2766,39, 76 ,9,
10420,S24_2887,55, 115 ,8,
10420,S24_3191,35, 77 ,10,
10420,S24_3432,26, 105 ,12,
10420,S24_3969,15, 35 ,3,
10421,S18_2795,35, 167 ,1,
10421,S24_2022,40, 45 ,2,
10422,S18_1342,51, 91 ,2,
10422,S18_1367,25, 47 ,1,
10423,S18_2949,10, 89 ,1,
10423,S18_2957,31, 56 ,3,
10423,S18_3136,21, 98 ,2,
10423,S18_3320,21, 80 ,5,
10423,S24_4258,28, 79 ,4,
10424,S10_1949,50, 201 ,6,
10424,S12_1666,49, 122 ,3,
10424,S18_1097,54, 109 ,5,
10424,S18_4668,26, 40 ,4,
10424,S32_3522,44, 55 ,2,
10424,S700_2824,46, 86 ,1,
10425,S10_4962,38, 131 ,12,
10425,S12_4473,33, 96 ,4,
10425,S18_2238,28, 147 ,3,
10425,S18_2319,38, 118 ,7,
10425,S18_2432,19, 49 ,10,
10425,S18_3232,28, 141 ,8,
10425,S18_4600,38, 108 ,13,
10425,S24_1444,55, 54 ,1,
10425,S24_2300,49, 128 ,9,
10425,S24_2840,31, 32 ,5,
10425,S32_1268,41, 84 ,11,
10425,S32_2509,11, 50 ,6,
10425,S50_1392,18, 95 ,2,
